Time (CAT);Open;High;Low;Close;Volume 
31/12/2012 00:00:00;1.61733;1.62734;1.61333;1.62465;103670.45
01/01/2013 00:00:00;1.62445;1.62563;1.62357;1.62377;140.1
02/01/2013 00:00:00;1.62482;1.63823;1.62245;1.62546;152018.33
03/01/2013 00:00:00;1.62547;1.62558;1.60912;1.6106;137132.98
04/01/2013 00:00:00;1.61062;1.61078;1.60092;1.60678;149654.71
07/01/2013 00:00:00;1.60709;1.61171;1.602;1.61143;134865.59
08/01/2013 00:00:00;1.61143;1.6128;1.60283;1.60549;135942.93
09/01/2013 00:00:00;1.60549;1.60747;1.5992;1.60214;145353.74
10/01/2013 00:00:00;1.60214;1.61678;1.60035;1.61674;163014.93
11/01/2013 00:00:00;1.61674;1.61766;1.60885;1.61323;153813.06
14/01/2013 00:00:00;1.61302;1.6154;1.6031;1.60743;145333.32
15/01/2013 00:00:00;1.60745;1.61003;1.60326;1.60633;163962.56
16/01/2013 00:00:00;1.60639;1.608;1.59753;1.60048;163473.57
17/01/2013 00:00:00;1.60052;1.60386;1.59548;1.5992;156334.96
18/01/2013 00:00:00;1.59921;1.60061;1.58536;1.58638;172383.51
21/01/2013 00:00:00;1.58481;1.58929;1.5805;1.58272;96965.17
22/01/2013 00:00:00;1.5829;1.58831;1.58092;1.58375;171433.01
23/01/2013 00:00:00;1.58377;1.58918;1.58017;1.58449;158479.94
24/01/2013 00:00:00;1.58445;1.58509;1.57559;1.57891;164311.54
25/01/2013 00:00:00;1.57891;1.58267;1.57455;1.57998;174084.64
28/01/2013 00:00:00;1.57605;1.57848;1.56738;1.56941;153903.81
29/01/2013 00:00:00;1.56942;1.57729;1.56843;1.57621;150224.7
30/01/2013 00:00:00;1.5762;1.5816;1.57245;1.57987;155693.17
31/01/2013 00:00:00;1.57985;1.58744;1.57747;1.58557;151805.97
01/02/2013 00:00:00;1.58557;1.5878;1.5689;1.5691;180360.25
04/02/2013 00:00:00;1.56908;1.57715;1.5689;1.57604;137458.27
05/02/2013 00:00:00;1.57606;1.5804;1.563;1.56581;172422.7
06/02/2013 00:00:00;1.56582;1.56776;1.56311;1.56587;155440.24
07/02/2013 00:00:00;1.56582;1.57681;1.56449;1.57158;185570.57
08/02/2013 00:00:00;1.57157;1.58441;1.57046;1.58005;159781.94
11/02/2013 00:00:00;1.57924;1.58096;1.56523;1.56575;134071.11
12/02/2013 00:00:00;1.56575;1.567;1.55714;1.56616;156227.06
13/02/2013 00:00:00;1.56615;1.56883;1.55231;1.5541;158222.93
14/02/2013 00:00:00;1.55405;1.55422;1.54744;1.54942;150493.79
15/02/2013 00:00:00;1.54942;1.55499;1.54606;1.55162;172119.72
18/02/2013 00:00:00;1.55037;1.55082;1.5437;1.54648;119871.62
19/02/2013 00:00:00;1.54651;1.55037;1.54135;1.54247;130506.67
20/02/2013 00:00:00;1.54247;1.54504;1.51922;1.5233;161046.99
21/02/2013 00:00:00;1.5233;1.52727;1.513;1.52536;179806.07
22/02/2013 00:00:00;1.52535;1.53195;1.51604;1.51605;145598.98
25/02/2013 00:00:00;1.50763;1.5199;1.50714;1.51619;204432.07
26/02/2013 00:00:00;1.51615;1.52185;1.51123;1.51229;211966.82
27/02/2013 00:00:00;1.51228;1.51879;1.50801;1.51569;199530.68
28/02/2013 00:00:00;1.5157;1.52211;1.5148;1.51629;173030.56
01/03/2013 00:00:00;1.51629;1.51852;1.49853;1.50358;160143.41
04/03/2013 00:00:00;1.50417;1.51168;1.49993;1.51142;124080.97
05/03/2013 00:00:00;1.51145;1.51984;1.50938;1.51253;146891
06/03/2013 00:00:00;1.51253;1.51548;1.50156;1.50171;132352.2
07/03/2013 00:00:00;1.50168;1.50822;1.49658;1.50127;175391.37
08/03/2013 00:00:00;1.50129;1.50468;1.48853;1.49222;149168.98
10/03/2013 23:00:00;1.49153;1.49429;1.48657;1.49135;112636.59
11/03/2013 23:00:00;1.49134;1.49186;1.48287;1.49013;138407.4
12/03/2013 23:00:00;1.49013;1.49812;1.48921;1.49215;148531.1
13/03/2013 23:00:00;1.49215;1.51183;1.4911;1.50818;167855.14
14/03/2013 23:00:00;1.50818;1.51762;1.50683;1.51129;170459.56
17/03/2013 23:00:00;1.51179;1.51437;1.5071;1.5105;176244.33
18/03/2013 23:00:00;1.5105;1.51441;1.50729;1.50982;171638.25
19/03/2013 23:00:00;1.50981;1.51858;1.50265;1.50969;187954.32
20/03/2013 23:00:00;1.50969;1.52089;1.50878;1.51702;171720.61
21/03/2013 23:00:00;1.51702;1.52474;1.51646;1.52283;155840.86
24/03/2013 23:00:00;1.52291;1.52599;1.51431;1.51719;168989.66
25/03/2013 23:00:00;1.51713;1.5207;1.51347;1.51587;136384.42
26/03/2013 23:00:00;1.51586;1.5181;1.50923;1.51298;138118
27/03/2013 23:00:00;1.51302;1.52004;1.51115;1.51911;143991.16
28/03/2013 23:00:00;1.51927;1.5219;1.51771;1.51958;72354.08
31/03/2013 23:00:00;1.51873;1.52414;1.51776;1.52308;60908.35
01/04/2013 23:00:00;1.52305;1.52583;1.50983;1.51027;132169.17
02/04/2013 23:00:00;1.51026;1.5158;1.5075;1.5129;122197.41
03/04/2013 23:00:00;1.51288;1.52453;1.50332;1.52313;159991.53
04/04/2013 23:00:00;1.52313;1.5363;1.5199;1.53347;144406.32
07/04/2013 23:00:00;1.53078;1.53502;1.52397;1.52556;125729.21
08/04/2013 23:00:00;1.5256;1.53413;1.52499;1.53215;138003.91
09/04/2013 23:00:00;1.53214;1.5343;1.52927;1.53302;125194.06
10/04/2013 23:00:00;1.53307;1.54113;1.53181;1.53848;144881.07
11/04/2013 23:00:00;1.53847;1.54094;1.53374;1.53421;133318.52
14/04/2013 23:00:00;1.53391;1.53847;1.52698;1.52825;156651.77
15/04/2013 23:00:00;1.52825;1.53788;1.52724;1.53626;174451.89
16/04/2013 23:00:00;1.53627;1.53719;1.5216;1.52385;177275.89
17/04/2013 23:00:00;1.52407;1.53124;1.52176;1.52773;164565.47
18/04/2013 23:00:00;1.52772;1.53675;1.52239;1.52288;150637.94
21/04/2013 23:00:00;1.52317;1.52923;1.52032;1.52917;129306.41
22/04/2013 23:00:00;1.5291;1.52973;1.51963;1.52374;145133.13
23/04/2013 23:00:00;1.52374;1.52871;1.52265;1.52657;119724.56
24/04/2013 23:00:00;1.52657;1.54797;1.52637;1.54336;140641.29
25/04/2013 23:00:00;1.54343;1.54984;1.54185;1.54746;120320.63
28/04/2013 23:00:00;1.5487;1.55457;1.54746;1.5499;104837.97
29/04/2013 23:00:00;1.54989;1.55673;1.54675;1.55317;113219.55
30/04/2013 23:00:00;1.55323;1.56051;1.55259;1.55544;107224.41
01/05/2013 23:00:00;1.55535;1.55904;1.54963;1.55321;134928.33
02/05/2013 23:00:00;1.55325;1.56014;1.54802;1.55723;125819.21
05/05/2013 23:00:00;1.55614;1.55976;1.55205;1.55408;73864.18
06/05/2013 23:00:00;1.55396;1.55518;1.54461;1.54831;100364.06
07/05/2013 23:00:00;1.54822;1.55911;1.54703;1.55328;117413.81
08/05/2013 23:00:00;1.55341;1.55875;1.54256;1.54488;145831.62
09/05/2013 23:00:00;1.54488;1.54571;1.53138;1.53635;158890.67
12/05/2013 23:00:00;1.53556;1.53845;1.52774;1.52986;145540.02
13/05/2013 23:00:00;1.52983;1.53306;1.52068;1.52081;162845.3
14/05/2013 23:00:00;1.52083;1.5272;1.5173;1.5232;172123.9
15/05/2013 23:00:00;1.52323;1.53219;1.5197;1.52674;153220.24
16/05/2013 23:00:00;1.52674;1.52846;1.51576;1.51666;157809.92
19/05/2013 23:00:00;1.51871;1.52808;1.51656;1.52545;128532.22
20/05/2013 23:00:00;1.5256;1.52761;1.51124;1.51537;160880.46
21/05/2013 23:00:00;1.51537;1.51733;1.50194;1.50479;183076.77
22/05/2013 23:00:00;1.50482;1.51281;1.50133;1.5107;178683.92
23/05/2013 23:00:00;1.51073;1.51424;1.50636;1.5125;137672.19
26/05/2013 23:00:00;1.51318;1.5156;1.50866;1.50997;62105.81
27/05/2013 23:00:00;1.50997;1.51345;1.5026;1.50378;134792.6
28/05/2013 23:00:00;1.50375;1.51454;1.50077;1.51302;150174.11
29/05/2013 23:00:00;1.51307;1.52366;1.51105;1.52312;161207.45
30/05/2013 23:00:00;1.52303;1.52394;1.514;1.51977;157970.22
02/06/2013 23:00:00;1.52023;1.53754;1.51911;1.5321;144321.32
03/06/2013 23:00:00;1.53205;1.53424;1.5273;1.53118;135143.99
04/06/2013 23:00:00;1.53118;1.54085;1.52909;1.54044;163275.74
05/06/2013 23:00:00;1.54046;1.56837;1.53809;1.55983;171335.27
06/06/2013 23:00:00;1.55983;1.56175;1.54881;1.55544;183172.58
09/06/2013 23:00:00;1.55219;1.5586;1.54942;1.55716;144475.57
10/06/2013 23:00:00;1.55716;1.56525;1.55203;1.56439;181337.64
11/06/2013 23:00:00;1.56439;1.56996;1.5633;1.56792;149472.26
12/06/2013 23:00:00;1.56781;1.57373;1.56443;1.57177;157328.68
13/06/2013 23:00:00;1.57173;1.57246;1.56161;1.57067;142148.4
16/06/2013 23:00:00;1.57248;1.57515;1.56805;1.57187;81841.44
17/06/2013 23:00:00;1.57213;1.57232;1.5565;1.56406;89802.16
18/06/2013 23:00:00;1.56406;1.56771;1.54493;1.54818;94650.5
19/06/2013 23:00:00;1.54818;1.55164;1.54142;1.55072;131440.38
20/06/2013 23:00:00;1.55059;1.553;1.5368;1.5419;114549.73
23/06/2013 23:00:00;1.53716;1.54649;1.5343;1.54344;114972.75
24/06/2013 23:00:00;1.54346;1.54772;1.53972;1.54211;106310.51
25/06/2013 23:00:00;1.54207;1.54401;1.52972;1.53126;101911.28
26/06/2013 23:00:00;1.53116;1.53458;1.52015;1.52588;94701.79
27/06/2013 23:00:00;1.52591;1.52788;1.51654;1.52105;98326.28
30/06/2013 23:00:00;1.5201;1.52487;1.5183;1.52176;71949.79
01/07/2013 23:00:00;1.52174;1.5238;1.51362;1.51551;79407.76
02/07/2013 23:00:00;1.51546;1.53042;1.51295;1.52786;94082.62
03/07/2013 23:00:00;1.52781;1.52868;1.5055;1.50709;93577.58
04/07/2013 23:00:00;1.50709;1.50782;1.4857;1.4886;111616.8
07/07/2013 23:00:00;1.48754;1.49659;1.48582;1.495;75789.67
08/07/2013 23:00:00;1.495;1.49807;1.4813;1.48658;101352.7
09/07/2013 23:00:00;1.48663;1.50168;1.4845;1.50125;108456.86
10/07/2013 23:00:00;1.50138;1.52219;1.49957;1.51835;152267.61
11/07/2013 23:00:00;1.51817;1.51883;1.50761;1.51094;90176.14
14/07/2013 23:00:00;1.51192;1.51275;1.50276;1.50995;85962.28
15/07/2013 23:00:00;1.50992;1.51688;1.50444;1.51596;102470.17
16/07/2013 23:00:00;1.51596;1.52676;1.50791;1.52119;118763.42
17/07/2013 23:00:00;1.52118;1.52416;1.51574;1.52249;99284.95
18/07/2013 23:00:00;1.52249;1.52816;1.51965;1.52669;88445.63
21/07/2013 23:00:00;1.52702;1.53842;1.52576;1.53581;156041.96
22/07/2013 23:00:00;1.53599;1.53916;1.5326;1.53679;166048.41
23/07/2013 23:00:00;1.53681;1.53895;1.52889;1.53123;176504.68
24/07/2013 23:00:00;1.5312;1.54344;1.52631;1.5388;186447.5
25/07/2013 23:00:00;1.53884;1.54165;1.53558;1.53818;163246
28/07/2013 23:00:00;1.53808;1.54133;1.53283;1.53378;82178.47
29/07/2013 23:00:00;1.5337;1.53536;1.52238;1.52358;84409.03
30/07/2013 23:00:00;1.5236;1.5254;1.5126;1.52054;105607.86
31/07/2013 23:00:00;1.52056;1.52425;1.511;1.51192;108453.48
01/08/2013 23:00:00;1.51198;1.53086;1.5102;1.52943;108233.13
04/08/2013 23:00:00;1.52918;1.53783;1.52591;1.53538;87938.66
05/08/2013 23:00:00;1.53538;1.53921;1.53316;1.53471;85094.03
06/08/2013 23:00:00;1.53479;1.55311;1.52047;1.54872;114059.52
07/08/2013 23:00:00;1.54872;1.55741;1.54847;1.55381;90822.86
08/08/2013 23:00:00;1.55387;1.55587;1.54971;1.54978;75711.15
11/08/2013 23:00:00;1.54901;1.55219;1.54588;1.54613;71335.65
12/08/2013 23:00:00;1.54598;1.5512;1.5427;1.54463;97724.75
13/08/2013 23:00:00;1.54463;1.55466;1.54221;1.54996;103064.33
14/08/2013 23:00:00;1.55002;1.56519;1.54957;1.56377;123597.42
15/08/2013 23:00:00;1.56382;1.56565;1.56074;1.56263;95473.01
18/08/2013 23:00:00;1.56189;1.56728;1.56095;1.56467;87348.14
19/08/2013 23:00:00;1.56472;1.56953;1.56284;1.56654;96444.37
20/08/2013 23:00:00;1.56656;1.57171;1.56374;1.56605;102971.46
21/08/2013 23:00:00;1.56604;1.56671;1.55629;1.55876;97863.78
22/08/2013 23:00:00;1.55877;1.56375;1.55389;1.55667;99199.24
25/08/2013 23:00:00;1.55627;1.56115;1.55565;1.55749;57237.49
26/08/2013 23:00:00;1.55743;1.55921;1.54818;1.55456;93423.4
27/08/2013 23:00:00;1.55456;1.55523;1.54288;1.55252;101354.05
28/08/2013 23:00:00;1.55259;1.55481;1.5482;1.55035;88223.79
29/08/2013 23:00:00;1.55023;1.55275;1.54623;1.55038;80242.03
01/09/2013 23:00:00;1.55333;1.55934;1.55053;1.55422;70567.2
02/09/2013 23:00:00;1.5543;1.56021;1.55215;1.55573;87258.77
03/09/2013 23:00:00;1.55561;1.56474;1.55533;1.56254;83098.12
04/09/2013 23:00:00;1.56243;1.56667;1.5572;1.55895;93580.57
05/09/2013 23:00:00;1.55883;1.56807;1.5563;1.56272;82194.27
08/09/2013 23:00:00;1.56138;1.57326;1.5613;1.56946;64318.01
09/09/2013 23:00:00;1.56958;1.57441;1.56853;1.57328;69364.52
10/09/2013 23:00:00;1.57324;1.58287;1.57184;1.58158;89649.85
11/09/2013 23:00:00;1.58176;1.58393;1.57748;1.58058;81295.41
12/09/2013 23:00:00;1.58043;1.58844;1.57755;1.58721;76378.29
15/09/2013 23:00:00;1.5934;1.59628;1.58945;1.5896;71907.43
16/09/2013 23:00:00;1.5896;1.5936;1.5885;1.59026;76385.37
17/09/2013 23:00:00;1.59031;1.61631;1.58918;1.61434;110405.52
18/09/2013 23:00:00;1.61435;1.61504;1.60228;1.60305;107687.5
19/09/2013 23:00:00;1.60304;1.60664;1.59862;1.60027;84526.83
22/09/2013 23:00:00;1.60029;1.60724;1.59922;1.60422;72824.89
23/09/2013 23:00:00;1.60422;1.6045;1.59555;1.60028;71782.76
24/09/2013 23:00:00;1.60022;1.60878;1.59793;1.60799;76338.12
25/09/2013 23:00:00;1.60799;1.60959;1.59993;1.60404;76502.73
26/09/2013 23:00:00;1.60404;1.61468;1.60294;1.61359;77974.76
29/09/2013 23:00:00;1.61409;1.62026;1.61281;1.61843;88463.87
30/09/2013 23:00:00;1.61846;1.626;1.6182;1.61948;95518.97
01/10/2013 23:00:00;1.61948;1.62503;1.61621;1.62215;94808.95
02/10/2013 23:00:00;1.62221;1.62408;1.61545;1.61557;84701.41
03/10/2013 23:00:00;1.6156;1.61774;1.60055;1.6006;77928.08
06/10/2013 23:00:00;1.60219;1.61;1.60137;1.60943;68284.9
07/10/2013 23:00:00;1.60944;1.61243;1.60196;1.60825;79113.2
08/10/2013 23:00:00;1.60824;1.61212;1.5916;1.59525;100705.35
09/10/2013 23:00:00;1.59526;1.59788;1.59139;1.59668;85925.15
10/10/2013 23:00:00;1.59669;1.60013;1.59236;1.59485;71525.78
13/10/2013 23:00:00;1.5969;1.6018;1.59542;1.5981;57743.21
14/10/2013 23:00:00;1.5981;1.60089;1.59149;1.59965;91900.75
15/10/2013 23:00:00;1.59965;1.60571;1.5894;1.59487;94463.27
16/10/2013 23:00:00;1.59493;1.6172;1.59399;1.6164;124726.94
17/10/2013 23:00:00;1.61638;1.6225;1.61417;1.6164;72910.15
20/10/2013 23:00:00;1.6173;1.61805;1.6132;1.61461;56742.18
21/10/2013 23:00:00;1.61462;1.62477;1.61157;1.62346;73798.96
22/10/2013 23:00:00;1.62346;1.62565;1.61196;1.61625;91808.57
23/10/2013 23:00:00;1.61626;1.62229;1.61376;1.62005;101084.32
24/10/2013 23:00:00;1.62005;1.62467;1.61502;1.61621;92502.45
27/10/2013 23:00:00;1.61619;1.6208;1.61244;1.61405;73909.35
28/10/2013 23:00:00;1.61405;1.6144;1.60225;1.60459;98859
29/10/2013 23:00:00;1.60461;1.6078;1.59984;1.60385;107707.77
30/10/2013 23:00:00;1.60385;1.60683;1.60056;1.60355;113868.58
31/10/2013 23:00:00;1.60355;1.60463;1.59087;1.59215;95269.22
04/11/2013 00:00:00;1.59223;1.59779;1.59033;1.59676;70771.1
05/11/2013 00:00:00;1.59676;1.60626;1.59483;1.60447;95819.91
06/11/2013 00:00:00;1.60447;1.61177;1.60417;1.60787;86910.97
07/11/2013 00:00:00;1.60787;1.61139;1.60092;1.60966;121036.36
08/11/2013 00:00:00;1.60966;1.61049;1.59571;1.60178;104418.68
11/11/2013 00:00:00;1.5998;1.60216;1.5965;1.59884;72502.55
12/11/2013 00:00:00;1.59884;1.59918;1.5854;1.59038;98590.8
13/11/2013 00:00:00;1.59037;1.60661;1.58781;1.6056;105817.88
14/11/2013 00:00:00;1.60556;1.61011;1.59882;1.60649;116117.53
15/11/2013 00:00:00;1.60649;1.61342;1.6048;1.61159;89421.74
18/11/2013 00:00:00;1.61216;1.61485;1.60814;1.61087;83771.31
19/11/2013 00:00:00;1.61087;1.61321;1.6059;1.6119;102002.26
20/11/2013 00:00:00;1.61191;1.6178;1.60873;1.6104;120809.3
21/11/2013 00:00:00;1.61028;1.62002;1.60722;1.61985;118808.01
22/11/2013 00:00:00;1.61986;1.62259;1.61761;1.62243;97133.79
25/11/2013 00:00:00;1.6224;1.624;1.61329;1.61542;89902.56
26/11/2013 00:00:00;1.61543;1.62191;1.61385;1.62145;85476.59
27/11/2013 00:00:00;1.62144;1.63305;1.61975;1.62864;104087.34
28/11/2013 00:00:00;1.62864;1.63574;1.62767;1.63414;80500.07
29/11/2013 00:00:00;1.63415;1.63841;1.63136;1.63622;104777.2
02/12/2013 00:00:00;1.6369;1.64418;1.63428;1.63551;109564.82
03/12/2013 00:00:00;1.63552;1.64365;1.6346;1.639;96535.39
04/12/2013 00:00:00;1.639;1.64036;1.6327;1.63828;123859.31
05/12/2013 00:00:00;1.63829;1.64034;1.63;1.63349;120939.94
06/12/2013 00:00:00;1.63333;1.63928;1.62921;1.63461;107939.62
09/12/2013 00:00:00;1.63466;1.64323;1.63226;1.64287;77917.22
10/12/2013 00:00:00;1.64287;1.64657;1.64189;1.64451;80339.22
11/12/2013 00:00:00;1.64448;1.64573;1.63392;1.63743;83151.8
12/12/2013 00:00:00;1.63723;1.6418;1.63207;1.63494;84158.95
13/12/2013 00:00:00;1.63496;1.63597;1.62625;1.6296;80266.5
16/12/2013 00:00:00;1.62863;1.63486;1.62863;1.62968;79005.42
17/12/2013 00:00:00;1.62969;1.63359;1.62189;1.62628;77897.58
18/12/2013 00:00:00;1.62629;1.64836;1.62611;1.63896;111969.93
19/12/2013 00:00:00;1.63899;1.63972;1.6335;1.63686;84570.36
20/12/2013 00:00:00;1.63684;1.63948;1.63157;1.63285;86332.72
23/12/2013 00:00:00;1.63355;1.63749;1.63231;1.63547;61956.16
24/12/2013 00:00:00;1.63546;1.63814;1.63222;1.63637;45370.71
25/12/2013 00:00:00;1.63628;1.63647;1.63351;1.63506;1596.27
26/12/2013 00:00:00;1.63412;1.64378;1.63403;1.6409;53349.9
27/12/2013 00:00:00;1.6409;1.65772;1.64054;1.64807;97629.91
30/12/2013 00:00:00;1.64768;1.65324;1.64599;1.64997;70840.58
31/12/2013 00:00:00;1.64993;1.6579;1.64743;1.65489;66997.16
01/01/2014 00:00:00;1.65501;1.65501;1.65501;1.65501;0.75
02/01/2014 00:00:00;1.65616;1.66031;1.64111;1.64513;107425.5
03/01/2014 00:00:00;1.64513;1.64737;1.6395;1.64171;106237.37
06/01/2014 00:00:00;1.64026;1.64337;1.6337;1.64048;95999.01
07/01/2014 00:00:00;1.64045;1.6438;1.6374;1.64014;81907.92
08/01/2014 00:00:00;1.64014;1.64719;1.63763;1.64482;88264.51
09/01/2014 00:00:00;1.64483;1.64972;1.6441;1.64801;86509.82
10/01/2014 00:00:00;1.648;1.6517;1.63805;1.64785;93238.16
13/01/2014 00:00:00;1.64829;1.65076;1.63469;1.63829;84283.23
14/01/2014 00:00:00;1.63828;1.64642;1.63673;1.64383;84830.3
15/01/2014 00:00:00;1.6439;1.64427;1.63215;1.63698;89594.3
16/01/2014 00:00:00;1.63701;1.63831;1.63141;1.63534;84537.1
17/01/2014 00:00:00;1.63531;1.6458;1.6309;1.64206;83526.04
20/01/2014 00:00:00;1.64167;1.64519;1.63949;1.64274;52786.32
21/01/2014 00:00:00;1.64274;1.64854;1.63993;1.64758;79647.44
22/01/2014 00:00:00;1.64757;1.65872;1.64505;1.6574;86708.07
23/01/2014 00:00:00;1.65739;1.66428;1.65566;1.6637;107074.36
24/01/2014 00:00:00;1.6637;1.66679;1.64772;1.64772;108955.36
27/01/2014 00:00:00;1.65033;1.65883;1.64736;1.65841;89168.23
28/01/2014 00:00:00;1.65841;1.66253;1.65357;1.65793;80142.25
29/01/2014 00:00:00;1.65793;1.66065;1.65253;1.65619;96659.98
30/01/2014 00:00:00;1.65618;1.65672;1.64448;1.64844;97574.09
31/01/2014 00:00:00;1.64848;1.64976;1.64272;1.64352;104850.27
03/02/2014 00:00:00;1.64186;1.64405;1.62902;1.63036;103039.32
04/02/2014 00:00:00;1.6304;1.63444;1.62566;1.63246;93123.93
05/02/2014 00:00:00;1.63247;1.63408;1.62522;1.63087;92361.63
06/02/2014 00:00:00;1.63085;1.63485;1.62724;1.63205;87677.78
07/02/2014 00:00:00;1.63206;1.6418;1.62997;1.64077;88068.12
10/02/2014 00:00:00;1.63965;1.64272;1.63827;1.64023;66092.02
11/02/2014 00:00:00;1.64023;1.64872;1.63922;1.6448;83578.23
12/02/2014 00:00:00;1.64503;1.65996;1.64255;1.65948;105613.92
13/02/2014 00:00:00;1.65948;1.66732;1.6593;1.66578;106412.16
14/02/2014 00:00:00;1.6658;1.67554;1.66441;1.67476;84835.82
17/02/2014 00:00:00;1.67687;1.68223;1.66956;1.67139;79235.45
18/02/2014 00:00:00;1.67132;1.67413;1.66551;1.66827;97116.61
19/02/2014 00:00:00;1.66826;1.67339;1.66367;1.66789;87492.44
20/02/2014 00:00:00;1.66788;1.66999;1.6625;1.66505;85371.87
21/02/2014 00:00:00;1.66495;1.67249;1.66112;1.6615;84526.93
24/02/2014 00:00:00;1.66269;1.66786;1.65834;1.66557;72616.49
25/02/2014 00:00:00;1.66557;1.6727;1.66421;1.668;87425.52
26/02/2014 00:00:00;1.66799;1.67015;1.66216;1.66711;84306.44
27/02/2014 00:00:00;1.66711;1.66987;1.66163;1.66878;86483.42
28/02/2014 00:00:00;1.66877;1.6769;1.6676;1.674;98781.3
03/03/2014 00:00:00;1.67124;1.67511;1.6653;1.66659;89333.97
04/03/2014 00:00:00;1.6666;1.67163;1.6641;1.6664;77487.75
05/03/2014 00:00:00;1.66641;1.67416;1.66564;1.67201;77887.79
06/03/2014 00:00:00;1.67198;1.67774;1.66853;1.67392;88764.76
07/03/2014 00:00:00;1.6739;1.67857;1.67066;1.67135;78135.63
09/03/2014 23:00:00;1.67268;1.67413;1.6622;1.66439;67058.33
10/03/2014 23:00:00;1.66438;1.6653;1.65962;1.66162;68740.9
11/03/2014 23:00:00;1.66161;1.66356;1.65685;1.66176;77402.92
12/03/2014 23:00:00;1.66176;1.67175;1.66066;1.66238;92132.34
13/03/2014 23:00:00;1.66234;1.66502;1.65872;1.66502;83450.33
16/03/2014 23:00:00;1.66382;1.66657;1.66046;1.6636;58185.69
17/03/2014 23:00:00;1.66357;1.66476;1.65457;1.65922;79463.49
18/03/2014 23:00:00;1.65919;1.66542;1.65079;1.65385;95281.77
19/03/2014 23:00:00;1.65384;1.65681;1.648;1.65024;81431.85
20/03/2014 23:00:00;1.65029;1.65201;1.64754;1.6484;62703.24
23/03/2014 23:00:00;1.64567;1.65359;1.64567;1.64971;68661.38
24/03/2014 23:00:00;1.64971;1.65493;1.64811;1.65292;83357.05
25/03/2014 23:00:00;1.65292;1.65968;1.65093;1.6581;84513.28
26/03/2014 23:00:00;1.65811;1.66467;1.65551;1.66104;97940.84
27/03/2014 23:00:00;1.66102;1.66511;1.65972;1.66372;80791.2
30/03/2014 23:00:00;1.66538;1.66837;1.66114;1.66615;81332.48
31/03/2014 23:00:00;1.66615;1.66744;1.66183;1.66291;65063.28
01/04/2014 23:00:00;1.66287;1.66638;1.66204;1.66254;59315.35
02/04/2014 23:00:00;1.66253;1.66605;1.65701;1.65973;80630.35
03/04/2014 23:00:00;1.65972;1.66055;1.65539;1.65671;64832.86
06/04/2014 23:00:00;1.65675;1.66237;1.65653;1.66064;54023.35
07/04/2014 23:00:00;1.66064;1.67541;1.6604;1.67471;80241.72
08/04/2014 23:00:00;1.67471;1.68001;1.67241;1.67927;69865.42
09/04/2014 23:00:00;1.67928;1.682;1.67543;1.67838;75703.69
10/04/2014 23:00:00;1.67837;1.6787;1.67171;1.67295;74985.48
13/04/2014 23:00:00;1.67181;1.67436;1.66964;1.67282;67328.86
14/04/2014 23:00:00;1.67288;1.67488;1.66583;1.67286;74742.41
15/04/2014 23:00:00;1.67279;1.68177;1.67198;1.67959;77149.48
16/04/2014 23:00:00;1.67964;1.68418;1.67868;1.67932;69167.94
17/04/2014 23:00:00;1.67932;1.68035;1.67741;1.67905;35623.01
20/04/2014 23:00:00;1.67882;1.68185;1.6783;1.67907;32485.81
21/04/2014 23:00:00;1.67905;1.68392;1.67857;1.68235;61498.21
22/04/2014 23:00:00;1.68233;1.68355;1.67626;1.67811;71718.77
23/04/2014 23:00:00;1.6781;1.68061;1.67652;1.68015;64827.28
24/04/2014 23:00:00;1.68017;1.68316;1.67897;1.67959;59875.98
27/04/2014 23:00:00;1.68014;1.68576;1.67773;1.68062;71298.59
28/04/2014 23:00:00;1.6806;1.68466;1.67924;1.6827;64873.74
29/04/2014 23:00:00;1.6827;1.69008;1.6806;1.68729;78751.51
30/04/2014 23:00:00;1.68728;1.69196;1.68695;1.68924;53187.84
01/05/2014 23:00:00;1.68923;1.68949;1.68221;1.68688;76526.26
04/05/2014 23:00:00;1.68745;1.68852;1.68531;1.68664;42836.61
05/05/2014 23:00:00;1.68664;1.69961;1.6866;1.69743;74190.73
06/05/2014 23:00:00;1.69746;1.69859;1.69509;1.69516;65525.77
07/05/2014 23:00:00;1.6952;1.69743;1.69237;1.6932;91828.71
08/05/2014 23:00:00;1.69316;1.69382;1.68321;1.68455;72380.62
11/05/2014 23:00:00;1.6838;1.69029;1.6838;1.68677;57211.98
12/05/2014 23:00:00;1.6868;1.68829;1.68187;1.68245;81474.63
13/05/2014 23:00:00;1.68246;1.68741;1.67534;1.67667;92168.93
14/05/2014 23:00:00;1.67666;1.68058;1.6732;1.67889;96629.06
15/05/2014 23:00:00;1.67888;1.68403;1.67831;1.68072;66893.87
18/05/2014 23:00:00;1.68147;1.68447;1.68052;1.68131;78255.93
19/05/2014 23:00:00;1.6813;1.68639;1.68021;1.6838;76435.37
20/05/2014 23:00:00;1.6838;1.69207;1.68316;1.68988;97406.16
21/05/2014 23:00:00;1.68988;1.69173;1.68514;1.68701;82586.91
22/05/2014 23:00:00;1.68679;1.6875;1.68128;1.68299;76465.24
25/05/2014 23:00:00;1.68308;1.68528;1.68185;1.6841;45976.78
26/05/2014 23:00:00;1.68411;1.6882;1.67825;1.68089;89514.98
27/05/2014 23:00:00;1.68088;1.68154;1.66976;1.671;89532.01
28/05/2014 23:00:00;1.67105;1.67406;1.66928;1.67162;83096.22
29/05/2014 23:00:00;1.67162;1.67773;1.67139;1.67526;84738.37
01/06/2014 23:00:00;1.67634;1.67676;1.67241;1.67455;84911.74
02/06/2014 23:00:00;1.67455;1.6782;1.67305;1.67483;84763.25
03/06/2014 23:00:00;1.67487;1.67686;1.66986;1.67362;93736.66
04/06/2014 23:00:00;1.67364;1.68248;1.67225;1.6819;121708.72
05/06/2014 23:00:00;1.68188;1.68451;1.67807;1.67987;101422.9
08/06/2014 23:00:00;1.68041;1.6832;1.67837;1.68027;81487.81
09/06/2014 23:00:00;1.68026;1.68172;1.67425;1.67558;98768.69
10/06/2014 23:00:00;1.67558;1.68108;1.67379;1.67868;99259.21
11/06/2014 23:00:00;1.67876;1.69302;1.67855;1.69278;115827.19
12/06/2014 23:00:00;1.69278;1.69919;1.69215;1.69632;133055.63
15/06/2014 23:00:00;1.69717;1.70105;1.69592;1.69825;97123.62
16/06/2014 23:00:00;1.69827;1.69891;1.69375;1.69638;97026.57
17/06/2014 23:00:00;1.69638;1.70018;1.69204;1.69931;109326.92
18/06/2014 23:00:00;1.69931;1.70625;1.69744;1.70382;105008
19/06/2014 23:00:00;1.70384;1.70603;1.70029;1.70113;83550.36
22/06/2014 23:00:00;1.70106;1.70493;1.70018;1.70262;88275.33
23/06/2014 23:00:00;1.70268;1.70317;1.69655;1.69848;84226.42
24/06/2014 23:00:00;1.69846;1.70043;1.69522;1.69828;89362.89
25/06/2014 23:00:00;1.69824;1.70397;1.6971;1.70254;90631.89
26/06/2014 23:00:00;1.70254;1.70509;1.70067;1.70325;71899.15
29/06/2014 23:00:00;1.70262;1.71149;1.70084;1.7105;90187.68
30/06/2014 23:00:00;1.71047;1.71657;1.70959;1.71486;92206.3
01/07/2014 23:00:00;1.71486;1.71769;1.71401;1.71646;92521.21
02/07/2014 23:00:00;1.71646;1.71667;1.70989;1.71538;99538.18
03/07/2014 23:00:00;1.71538;1.71791;1.71311;1.71577;69002.29
06/07/2014 23:00:00;1.71675;1.71678;1.71081;1.71275;79984.54
07/07/2014 23:00:00;1.71275;1.71475;1.70851;1.71302;81673.52
08/07/2014 23:00:00;1.71302;1.71609;1.70942;1.71566;96590.58
09/07/2014 23:00:00;1.7156;1.71675;1.71047;1.7131;96852.1
10/07/2014 23:00:00;1.7131;1.71505;1.70936;1.70996;86366.67
13/07/2014 23:00:00;1.71205;1.71437;1.70697;1.70832;84485.82
14/07/2014 23:00:00;1.70833;1.7191;1.70592;1.71426;107894.82
15/07/2014 23:00:00;1.71421;1.71508;1.71124;1.71361;85811.23
16/07/2014 23:00:00;1.71358;1.71437;1.70853;1.70997;93690.32
17/07/2014 23:00:00;1.70997;1.71173;1.70361;1.70842;102796.47
20/07/2014 23:00:00;1.70858;1.70992;1.70556;1.70746;99678.53
21/07/2014 23:00:00;1.70749;1.70829;1.70413;1.7063;102839.34
22/07/2014 23:00:00;1.70629;1.70952;1.7024;1.7043;107009.24
23/07/2014 23:00:00;1.70429;1.70533;1.69662;1.69855;112261.64
24/07/2014 23:00:00;1.69859;1.6998;1.6961;1.69738;101909.51
27/07/2014 23:00:00;1.69778;1.70006;1.69724;1.69822;100409.59
28/07/2014 23:00:00;1.69819;1.69946;1.69333;1.69427;117516.25
29/07/2014 23:00:00;1.69427;1.69548;1.68893;1.69122;127323.92
30/07/2014 23:00:00;1.6912;1.69263;1.68569;1.68842;135511.78
31/07/2014 23:00:00;1.68842;1.68926;1.6814;1.68225;158212.07
03/08/2014 23:00:00;1.68319;1.68629;1.68136;1.68619;89922.4
04/08/2014 23:00:00;1.68619;1.68882;1.68449;1.6885;99735.14
05/08/2014 23:00:00;1.68852;1.68871;1.68213;1.68525;104703.04
06/08/2014 23:00:00;1.68525;1.68637;1.68231;1.68317;119758.8
07/08/2014 23:00:00;1.68315;1.68333;1.67664;1.6773;126571.66
10/08/2014 23:00:00;1.67774;1.67958;1.67702;1.67861;81273.63
11/08/2014 23:00:00;1.67862;1.68154;1.67569;1.68109;96008.17
12/08/2014 23:00:00;1.68111;1.68434;1.66851;1.6688;127771.52
13/08/2014 23:00:00;1.6688;1.66968;1.66572;1.66852;90702.68
14/08/2014 23:00:00;1.66851;1.67015;1.66764;1.66888;94850.55
17/08/2014 23:00:00;1.6732;1.67373;1.67122;1.67269;76459.01
18/08/2014 23:00:00;1.67268;1.67277;1.66109;1.66163;96935.94
19/08/2014 23:00:00;1.66163;1.66786;1.65896;1.65947;100600.43
20/08/2014 23:00:00;1.65941;1.66011;1.65638;1.6579;79932.35
21/08/2014 23:00:00;1.65786;1.65972;1.65611;1.65669;85272.08
24/08/2014 23:00:00;1.65405;1.65981;1.65355;1.65777;85037.42
25/08/2014 23:00:00;1.65783;1.6595;1.65387;1.6539;85794.44
26/08/2014 23:00:00;1.65396;1.66052;1.65363;1.6575;111372.85
27/08/2014 23:00:00;1.6575;1.66132;1.65669;1.65854;122550.39
28/08/2014 23:00:00;1.65856;1.66133;1.65626;1.65958;128662.12
31/08/2014 23:00:00;1.65916;1.66435;1.65855;1.6606;89773.5
01/09/2014 23:00:00;1.66058;1.66146;1.64676;1.64688;123016.64
02/09/2014 23:00:00;1.64686;1.64972;1.64395;1.64602;123515.34
03/09/2014 23:00:00;1.64601;1.64652;1.63278;1.63306;144160.79
04/09/2014 23:00:00;1.63306;1.63401;1.62806;1.63241;139626.43
07/09/2014 23:00:00;1.61687;1.62323;1.60979;1.61031;203938.63
08/09/2014 23:00:00;1.61031;1.61565;1.60591;1.61056;186444.71
09/09/2014 23:00:00;1.61056;1.623;1.60518;1.62092;217745.8
10/09/2014 23:00:00;1.6209;1.62704;1.61854;1.6253;183816.19
11/09/2014 23:00:00;1.62533;1.62765;1.62044;1.62627;188247.09
14/09/2014 23:00:00;1.62754;1.62783;1.62206;1.6232;176010.47
15/09/2014 23:00:00;1.62319;1.63111;1.61618;1.62767;190214.25
16/09/2014 23:00:00;1.62761;1.63578;1.62483;1.62745;203140.22
17/09/2014 23:00:00;1.62747;1.64087;1.62461;1.63893;223671.82
18/09/2014 23:00:00;1.63877;1.65239;1.62829;1.62855;298635.86
21/09/2014 23:00:00;1.63057;1.63674;1.62876;1.63607;152736.94
22/09/2014 23:00:00;1.63609;1.64152;1.63025;1.6387;175252.97
23/09/2014 23:00:00;1.63872;1.64129;1.6327;1.63386;151975.54
24/09/2014 23:00:00;1.63385;1.63413;1.62758;1.63154;193337.59
25/09/2014 23:00:00;1.63153;1.63322;1.62375;1.62387;119621.54
28/09/2014 23:00:00;1.62304;1.6274;1.62132;1.624;187839.17
29/09/2014 23:00:00;1.624;1.62866;1.61664;1.62119;184626.02
30/09/2014 23:00:00;1.6212;1.62514;1.61613;1.61845;184832.77
01/10/2014 23:00:00;1.61841;1.62496;1.61122;1.61433;224118.58
02/10/2014 23:00:00;1.61433;1.61585;1.59516;1.59675;172172.38
05/10/2014 23:00:00;1.59563;1.60986;1.59535;1.60816;131731.55
06/10/2014 23:00:00;1.60824;1.61284;1.60255;1.60943;186238.69
07/10/2014 23:00:00;1.60942;1.6181;1.60316;1.61673;196069.69
08/10/2014 23:00:00;1.61673;1.62264;1.6104;1.61167;182803.52
09/10/2014 23:00:00;1.61165;1.61349;1.60083;1.60722;144675.81
12/10/2014 23:00:00;1.60727;1.6126;1.60505;1.60841;148287.06
13/10/2014 23:00:00;1.60841;1.60965;1.58972;1.59022;170936.68
14/10/2014 23:00:00;1.59026;1.6069;1.58747;1.60197;278778
15/10/2014 23:00:00;1.60197;1.60961;1.5941;1.60857;262218.41
16/10/2014 23:00:00;1.60862;1.61255;1.6029;1.60912;184085.27
19/10/2014 23:00:00;1.61029;1.6179;1.60797;1.61623;156572.84
20/10/2014 23:00:00;1.61629;1.61842;1.61097;1.61123;168758.03
21/10/2014 23:00:00;1.61111;1.61305;1.6011;1.60496;176587.99
22/10/2014 23:00:00;1.60504;1.60598;1.59944;1.60279;185651.47
23/10/2014 23:00:00;1.60277;1.60983;1.60163;1.60855;173185.7
26/10/2014 23:00:00;1.60779;1.61467;1.60751;1.61187;160523.78
27/10/2014 23:00:00;1.61187;1.6182;1.60878;1.61291;176065.72
28/10/2014 23:00:00;1.61289;1.61613;1.60025;1.60103;154151.79
29/10/2014 23:00:00;1.60106;1.60382;1.59513;1.60001;212157.48
30/10/2014 23:00:00;1.6;1.60109;1.59415;1.59904;234887.53
03/11/2014 00:00:00;1.59619;1.60217;1.59262;1.59702;197781.86
04/11/2014 00:00:00;1.5971;1.60157;1.59649;1.60014;181214.77
05/11/2014 00:00:00;1.60015;1.60212;1.58683;1.59744;227983.47
06/11/2014 00:00:00;1.59744;1.60014;1.58238;1.58306;277601.91
07/11/2014 00:00:00;1.58306;1.5886;1.579;1.5866;218016.04
10/11/2014 00:00:00;1.58829;1.5917;1.58407;1.58412;176958.19
11/11/2014 00:00:00;1.58412;1.59441;1.58348;1.59165;171221.65
12/11/2014 00:00:00;1.59182;1.59402;1.57754;1.5777;232224.66
13/11/2014 00:00:00;1.57778;1.57808;1.56935;1.57098;164949.54
14/11/2014 00:00:00;1.57098;1.57098;1.55923;1.56649;214266.86
17/11/2014 00:00:00;1.568;1.57352;1.56194;1.56399;180468.32
18/11/2014 00:00:00;1.56398;1.56784;1.56291;1.56316;182566.2
19/11/2014 00:00:00;1.56308;1.572;1.55897;1.56805;200590.05
20/11/2014 00:00:00;1.5681;1.57368;1.56316;1.56906;217009.54
21/11/2014 00:00:00;1.56906;1.57132;1.56258;1.56457;221815.49
24/11/2014 00:00:00;1.56353;1.57145;1.56281;1.57046;177628.6
25/11/2014 00:00:00;1.57057;1.57355;1.56482;1.57065;200567.8
26/11/2014 00:00:00;1.57064;1.58056;1.56788;1.57902;189309.75
27/11/2014 00:00:00;1.57908;1.58252;1.57164;1.57344;158915.53
28/11/2014 00:00:00;1.57345;1.57389;1.56139;1.56399;177019.67
01/12/2014 00:00:00;1.56482;1.57636;1.55848;1.57284;237786.89
02/12/2014 00:00:00;1.57282;1.57423;1.56315;1.56372;216387.72
03/12/2014 00:00:00;1.56372;1.57192;1.56191;1.56843;237641.9
04/12/2014 00:00:00;1.56849;1.57254;1.56428;1.56719;286831.51
05/12/2014 00:00:00;1.56718;1.56949;1.55683;1.55768;257313.99
08/12/2014 00:00:00;1.55709;1.56791;1.55412;1.56508;212723.12
09/12/2014 00:00:00;1.56497;1.57165;1.56256;1.56658;304193.77
10/12/2014 00:00:00;1.56664;1.57186;1.5647;1.57143;233335.64
11/12/2014 00:00:00;1.57145;1.57565;1.56519;1.57301;300931.44
12/12/2014 00:00:00;1.57311;1.57462;1.56945;1.57145;266821.79
15/12/2014 00:00:00;1.57221;1.57468;1.5601;1.5637;237032.79
16/12/2014 00:00:00;1.5637;1.57853;1.56105;1.57484;287246.25
17/12/2014 00:00:00;1.57484;1.57525;1.55417;1.55732;275209.74
18/12/2014 00:00:00;1.55737;1.56773;1.55487;1.5668;271283.05
19/12/2014 00:00:00;1.56681;1.56821;1.56051;1.5617;222640.18
22/12/2014 00:00:00;1.56238;1.5665;1.5573;1.55882;162380.12
23/12/2014 00:00:00;1.55882;1.5608;1.54858;1.55187;154856.94
24/12/2014 00:00:00;1.55188;1.55635;1.55036;1.55534;106082.15
25/12/2014 00:00:00;1.55533;1.55678;1.55296;1.55544;3978.28
26/12/2014 00:00:00;1.55517;1.55683;1.5537;1.55512;100577.81
29/12/2014 00:00:00;1.55586;1.55855;1.55071;1.55153;139822.52
30/12/2014 00:00:00;1.55154;1.55735;1.55007;1.55605;147345.85
31/12/2014 00:00:00;1.55605;1.56203;1.55491;1.5574;145598.87
01/01/2015 00:00:00;1.55739;1.55739;1.55711;1.55711;3
02/01/2015 00:00:00;1.55783;1.55871;1.53252;1.53252;214767.08
05/01/2015 00:00:00;1.53002;1.53193;1.51535;1.52472;210874.67
06/01/2015 00:00:00;1.52474;1.52739;1.51408;1.51502;215543.15
07/01/2015 00:00:00;1.51504;1.5155;1.5055;1.51098;236548.29
08/01/2015 00:00:00;1.51098;1.51176;1.50342;1.50887;189452.26
09/01/2015 00:00:00;1.50887;1.51755;1.50771;1.51554;205007.82
12/01/2015 00:00:00;1.51766;1.51933;1.50985;1.51712;208299.9
13/01/2015 00:00:00;1.51712;1.51916;1.50773;1.5158;207332.2
14/01/2015 00:00:00;1.51581;1.52689;1.51449;1.52304;256371.6
15/01/2015 00:00:00;1.52316;1.52666;1.51499;1.51793;297616.7
16/01/2015 00:00:00;1.51793;1.52344;1.50752;1.5137;200198.14
19/01/2015 00:00:00;1.5127;1.5179;1.51079;1.5111;134370.03
20/01/2015 00:00:00;1.51105;1.51995;1.50572;1.51426;185952.59
21/01/2015 00:00:00;1.51421;1.5179;1.50761;1.51413;259502.89
22/01/2015 00:00:00;1.51416;1.52122;1.4972;1.50084;288890.05
23/01/2015 00:00:00;1.50084;1.50356;1.49511;1.49855;301982.84
26/01/2015 00:00:00;1.50076;1.5103;1.49865;1.50784;219927.28
27/01/2015 00:00:00;1.50784;1.52235;1.50593;1.51961;254842.99
28/01/2015 00:00:00;1.51961;1.52185;1.51306;1.51357;226827.97
29/01/2015 00:00:00;1.51357;1.51622;1.50181;1.50642;240948.76
30/01/2015 00:00:00;1.50642;1.50959;1.49887;1.50594;225106.7
02/02/2015 00:00:00;1.50898;1.50969;1.50054;1.50383;218832.15
03/02/2015 00:00:00;1.50381;1.51975;1.49883;1.51649;242303.94
04/02/2015 00:00:00;1.51649;1.52506;1.5139;1.51791;233831.73
05/02/2015 00:00:00;1.51796;1.53431;1.51649;1.53273;232999.25
06/02/2015 00:00:00;1.53273;1.53521;1.52113;1.52363;227826
09/02/2015 00:00:00;1.52252;1.52671;1.52004;1.52148;265107.96
10/02/2015 00:00:00;1.5215;1.52758;1.51961;1.52526;234161.19
11/02/2015 00:00:00;1.52525;1.52994;1.52188;1.52307;204474.61
12/02/2015 00:00:00;1.52305;1.54146;1.52088;1.53827;309306.16
13/02/2015 00:00:00;1.53827;1.5422;1.53708;1.53837;224623.7
16/02/2015 00:00:00;1.54225;1.54405;1.53391;1.53603;198071.09
17/02/2015 00:00:00;1.53602;1.54021;1.5316;1.53513;195213.58
18/02/2015 00:00:00;1.53514;1.54794;1.53415;1.54345;255943.07
19/02/2015 00:00:00;1.54345;1.54653;1.54038;1.54129;213517.63
20/02/2015 00:00:00;1.54134;1.54338;1.53434;1.53917;268973.17
23/02/2015 00:00:00;1.53955;1.54744;1.53323;1.54557;208965.79
24/02/2015 00:00:00;1.54557;1.54738;1.54016;1.54513;203101.92
25/02/2015 00:00:00;1.54513;1.55384;1.54461;1.55276;206386.85
26/02/2015 00:00:00;1.55273;1.55519;1.53938;1.54033;254218.47
27/02/2015 00:00:00;1.54032;1.54587;1.53841;1.54319;236661.01
02/03/2015 00:00:00;1.54165;1.5428;1.53513;1.53649;186720.41
03/03/2015 00:00:00;1.53642;1.53975;1.53443;1.53589;186649.67
04/03/2015 00:00:00;1.53577;1.53715;1.52517;1.52628;207805.62
05/03/2015 00:00:00;1.52627;1.52692;1.5215;1.52378;218466.5
06/03/2015 00:00:00;1.52379;1.5255;1.50317;1.50332;243199.03
08/03/2015 23:00:00;1.50337;1.51368;1.50304;1.51271;220315.21
09/03/2015 23:00:00;1.51271;1.51312;1.50283;1.50666;307620.1
10/03/2015 23:00:00;1.50663;1.50962;1.48926;1.49272;360324.08
11/03/2015 23:00:00;1.49275;1.50265;1.48497;1.48817;281588.69
12/03/2015 23:00:00;1.48817;1.48966;1.47;1.47412;263239.02
15/03/2015 23:00:00;1.47387;1.48529;1.47313;1.4827;200638.7
16/03/2015 23:00:00;1.4827;1.4845;1.47238;1.47477;206832.38
17/03/2015 23:00:00;1.47477;1.51611;1.46347;1.49771;246604.62
18/03/2015 23:00:00;1.49759;1.50094;1.46878;1.47499;333822.2
19/03/2015 23:00:00;1.47494;1.49888;1.47218;1.49594;260412.36
22/03/2015 23:00:00;1.49676;1.49883;1.48383;1.49501;298246.49
23/03/2015 23:00:00;1.49501;1.49837;1.48424;1.48489;289538.99
24/03/2015 23:00:00;1.48485;1.49543;1.48306;1.48806;260622.07
25/03/2015 23:00:00;1.488;1.49941;1.48065;1.48475;302650.37
26/03/2015 23:00:00;1.48479;1.49217;1.47963;1.48751;302127.63
29/03/2015 23:00:00;1.48838;1.49006;1.47522;1.48094;295089.83
30/03/2015 23:00:00;1.48105;1.48712;1.4755;1.48155;310175.19
31/03/2015 23:00:00;1.48152;1.48711;1.47394;1.4822;285230.72
01/04/2015 23:00:00;1.48214;1.48683;1.47755;1.48266;261942.69
02/04/2015 23:00:00;1.48266;1.49442;1.481;1.49089;138682.39
05/04/2015 23:00:00;1.49148;1.4981;1.48699;1.48749;127305.62
06/04/2015 23:00:00;1.48749;1.49203;1.48027;1.48067;257548.32
07/04/2015 23:00:00;1.48064;1.4972;1.48058;1.48652;263279.42
08/04/2015 23:00:00;1.48649;1.48858;1.4684;1.47116;249892.89
09/04/2015 23:00:00;1.47116;1.47245;1.45869;1.46318;229929.98
12/04/2015 23:00:00;1.46172;1.46811;1.45656;1.46732;244579.34
13/04/2015 23:00:00;1.46738;1.48014;1.46031;1.47782;276729.6
14/04/2015 23:00:00;1.47781;1.48531;1.47003;1.48406;244478.27
15/04/2015 23:00:00;1.48406;1.49698;1.48119;1.49306;278941.56
16/04/2015 23:00:00;1.49306;1.50535;1.49159;1.49584;300666.79
19/04/2015 23:00:00;1.49553;1.49834;1.48876;1.4904;259940.4
20/04/2015 23:00:00;1.49033;1.49726;1.48562;1.49252;227431.48
21/04/2015 23:00:00;1.49243;1.50794;1.49134;1.50352;294932.53
22/04/2015 23:00:00;1.50352;1.50699;1.49595;1.5053;284407.46
23/04/2015 23:00:00;1.50529;1.51876;1.50271;1.51865;269717.05
26/04/2015 23:00:00;1.51731;1.52611;1.51067;1.52368;228118.81
27/04/2015 23:00:00;1.52368;1.53426;1.51746;1.53379;252158.91
28/04/2015 23:00:00;1.53381;1.54978;1.53276;1.54355;332170
29/04/2015 23:00:00;1.54352;1.54919;1.53035;1.53512;356114.66
30/04/2015 23:00:00;1.53513;1.5397;1.5114;1.51344;236154.66
03/05/2015 23:00:00;1.51391;1.51744;1.50899;1.51185;160732.24
04/05/2015 23:00:00;1.51185;1.52182;1.50889;1.51806;296422.9
05/05/2015 23:00:00;1.51806;1.52911;1.51497;1.52434;298837.25
06/05/2015 23:00:00;1.5243;1.52749;1.51632;1.52424;338799.67
07/05/2015 23:00:00;1.52454;1.5522;1.52369;1.54524;389856.36
10/05/2015 23:00:00;1.5443;1.56127;1.53928;1.55844;300877.49
11/05/2015 23:00:00;1.55844;1.57102;1.55571;1.56687;278811.32
12/05/2015 23:00:00;1.56684;1.57687;1.56331;1.5744;308956.72
13/05/2015 23:00:00;1.5744;1.58144;1.5728;1.57753;297647.84
14/05/2015 23:00:00;1.57753;1.58082;1.57011;1.57286;294476.97
17/05/2015 23:00:00;1.5741;1.5745;1.56379;1.56521;216840.02
18/05/2015 23:00:00;1.56522;1.56695;1.54463;1.55092;295500.13
19/05/2015 23:00:00;1.55115;1.55875;1.54721;1.55341;256314.49
20/05/2015 23:00:00;1.55343;1.56996;1.55249;1.5661;155006.12
21/05/2015 23:00:00;1.56599;1.56896;1.54599;1.54789;153078.78
24/05/2015 23:00:00;1.54728;1.55073;1.54561;1.54674;91468.17
25/05/2015 23:00:00;1.54673;1.54751;1.53537;1.53831;147614.01
26/05/2015 23:00:00;1.53835;1.54371;1.5301;1.53515;143069.53
27/05/2015 23:00:00;1.53515;1.53855;1.526;1.53141;140640.66
28/05/2015 23:00:00;1.53137;1.5342;1.52361;1.52899;154773.78
31/05/2015 23:00:00;1.5292;1.53044;1.51699;1.52001;154633.53
01/06/2015 23:00:00;1.52001;1.53669;1.51795;1.5343;167945.34
02/06/2015 23:00:00;1.5343;1.53748;1.52507;1.53391;170346.04
03/06/2015 23:00:00;1.53396;1.54415;1.53038;1.53628;157511.75
04/06/2015 23:00:00;1.53626;1.53698;1.51899;1.52634;160201.69
07/06/2015 23:00:00;1.52553;1.53639;1.52211;1.53476;146556.19
08/06/2015 23:00:00;1.53476;1.53889;1.52571;1.53836;162440.41
09/06/2015 23:00:00;1.53835;1.55534;1.53687;1.5529;179018.08
10/06/2015 23:00:00;1.55296;1.55338;1.54212;1.5516;145412.76
11/06/2015 23:00:00;1.55158;1.55979;1.54662;1.55558;161123.49
14/06/2015 23:00:00;1.55446;1.56136;1.54872;1.55998;141796.3
15/06/2015 23:00:00;1.5601;1.56538;1.55416;1.56463;143678.85
16/06/2015 23:00:00;1.56463;1.58468;1.56251;1.58306;159138.56
17/06/2015 23:00:00;1.58304;1.59294;1.58056;1.58771;162883.86
18/06/2015 23:00:00;1.58777;1.58967;1.58351;1.58821;116516.58
21/06/2015 23:00:00;1.58679;1.59096;1.5805;1.58237;117074.8
22/06/2015 23:00:00;1.58237;1.5831;1.57085;1.57292;133517.46
23/06/2015 23:00:00;1.57302;1.58026;1.56666;1.57033;126443.73
24/06/2015 23:00:00;1.57021;1.57703;1.56765;1.57481;119602.51
25/06/2015 23:00:00;1.57482;1.57668;1.57083;1.57398;107655.37
28/06/2015 23:00:00;1.56934;1.57889;1.56621;1.5736;159605.07
29/06/2015 23:00:00;1.57363;1.57754;1.56923;1.57135;144936.2
30/06/2015 23:00:00;1.57115;1.57334;1.55878;1.56153;149252.04
01/07/2015 23:00:00;1.56153;1.56396;1.55618;1.56068;131782.1
02/07/2015 23:00:00;1.56068;1.56439;1.55545;1.55665;120511.29
05/07/2015 23:00:00;1.55477;1.56282;1.55302;1.56013;140719.24
06/07/2015 23:00:00;1.56013;1.56081;1.54135;1.54613;163700.57
07/07/2015 23:00:00;1.54619;1.54666;1.53298;1.53605;158946.72
08/07/2015 23:00:00;1.53602;1.54203;1.53432;1.53795;153459.34
09/07/2015 23:00:00;1.53795;1.55509;1.53637;1.55061;179043.54
12/07/2015 23:00:00;1.55001;1.55888;1.54807;1.54844;178330.57
13/07/2015 23:00:00;1.54845;1.56385;1.54504;1.56352;174411.37
14/07/2015 23:00:00;1.56352;1.56753;1.55765;1.5637;184216.13
15/07/2015 23:00:00;1.56374;1.56503;1.55601;1.56064;186539.69
16/07/2015 23:00:00;1.56078;1.56725;1.55531;1.56015;136354.28
19/07/2015 23:00:00;1.55871;1.56273;1.55378;1.55598;131716.7736
20/07/2015 23:00:00;1.55591;1.55904;1.55289;1.55528;157506.52
21/07/2015 23:00:00;1.55523;1.56465;1.55445;1.56117;157184.03
22/07/2015 23:00:00;1.56117;1.56706;1.55008;1.55114;137965.65
23/07/2015 23:00:00;1.55114;1.55259;1.54667;1.55049;103168.8
26/07/2015 23:00:00;1.55118;1.55949;1.54905;1.55578;128435.34
27/07/2015 23:00:00;1.55578;1.5628;1.55279;1.5611;114639.46
28/07/2015 23:00:00;1.5611;1.56898;1.55877;1.55961;116726.68
29/07/2015 23:00:00;1.55952;1.56412;1.55625;1.55991;113281.47
30/07/2015 23:00:00;1.55979;1.56778;1.55491;1.56146;127366.8
02/08/2015 23:00:00;1.56314;1.56447;1.55651;1.5584;94545.61
03/08/2015 23:00:00;1.5584;1.56335;1.55576;1.55603;118289.65
04/08/2015 23:00:00;1.55609;1.5651;1.55258;1.5601;145422.73
05/08/2015 23:00:00;1.56014;1.56367;1.54666;1.55113;123862.14
06/08/2015 23:00:00;1.55111;1.55451;1.54245;1.54894;130604.48
09/08/2015 23:00:00;1.54868;1.56055;1.54581;1.55897;105222.8
10/08/2015 23:00:00;1.55897;1.5616;1.55549;1.55679;116502.59
11/08/2015 23:00:00;1.55685;1.56601;1.55339;1.56094;126884.67
12/08/2015 23:00:00;1.56101;1.56366;1.55735;1.56069;143301.34
13/08/2015 23:00:00;1.56075;1.56597;1.55886;1.56385;154449.43
16/08/2015 23:00:00;1.56526;1.5688;1.55788;1.55832;146854.04
17/08/2015 23:00:00;1.5583;1.57167;1.55621;1.56579;146609.92
18/08/2015 23:00:00;1.56575;1.57001;1.56349;1.56781;178282.18
19/08/2015 23:00:00;1.56782;1.57015;1.5606;1.56891;158874.34
20/08/2015 23:00:00;1.56891;1.57233;1.56577;1.56888;167441.86
23/08/2015 23:00:00;1.56765;1.58024;1.56302;1.57726;217478.75
24/08/2015 23:00:00;1.57735;1.58181;1.56809;1.56863;167102.66
25/08/2015 23:00:00;1.56867;1.57196;1.54523;1.54599;200696.72
26/08/2015 23:00:00;1.54598;1.55083;1.53698;1.54014;194907.74
27/08/2015 23:00:00;1.54013;1.54429;1.5335;1.53881;153294.37
30/08/2015 23:00:00;1.54102;1.54368;1.53392;1.5343;108286.8
31/08/2015 23:00:00;1.53429;1.54074;1.52997;1.53024;146447.75
01/09/2015 23:00:00;1.53027;1.53254;1.52639;1.52981;139461.42
02/09/2015 23:00:00;1.52979;1.53129;1.52189;1.52555;122958.12
03/09/2015 23:00:00;1.52568;1.52737;1.51639;1.5165;114242.14
06/09/2015 23:00:00;1.51766;1.52882;1.51712;1.52704;131374.43
07/09/2015 23:00:00;1.52704;1.54121;1.52698;1.53932;126700.78
08/09/2015 23:00:00;1.53923;1.54043;1.53496;1.53661;123923.44
09/09/2015 23:00:00;1.53669;1.54754;1.53386;1.54431;155975.09
10/09/2015 23:00:00;1.54431;1.54615;1.53998;1.54263;116553.23
13/09/2015 23:00:00;1.543;1.54708;1.53728;1.54254;106978.01
14/09/2015 23:00:00;1.5426;1.54568;1.53295;1.53427;110616.85
15/09/2015 23:00:00;1.53431;1.55282;1.53299;1.54892;128703.78
16/09/2015 23:00:00;1.54887;1.56276;1.54859;1.55891;141670.67
17/09/2015 23:00:00;1.559;1.56585;1.55138;1.55223;153753.55
20/09/2015 23:00:00;1.55217;1.55677;1.54805;1.55054;121999.94
21/09/2015 23:00:00;1.55054;1.55288;1.53404;1.53621;129756.63
22/09/2015 23:00:00;1.53634;1.53651;1.52206;1.52404;139827.59
23/09/2015 23:00:00;1.52408;1.52888;1.52004;1.52418;142218.55
24/09/2015 23:00:00;1.52415;1.52602;1.51352;1.51748;135482.61
27/09/2015 23:00:00;1.51792;1.52409;1.51573;1.51715;117910.96
28/09/2015 23:00:00;1.51713;1.52049;1.51286;1.51476;145418.8
29/09/2015 23:00:00;1.51476;1.52136;1.51072;1.51271;142470.38
30/09/2015 23:00:00;1.51277;1.51798;1.51069;1.51293;117987.44
01/10/2015 23:00:00;1.51294;1.52372;1.5127;1.51809;134550.5
04/10/2015 23:00:00;1.51889;1.52441;1.51367;1.51448;136381.07
05/10/2015 23:00:00;1.51449;1.52427;1.51397;1.52236;108627.06
06/10/2015 23:00:00;1.52233;1.53393;1.52195;1.53169;146731.66
07/10/2015 23:00:00;1.53169;1.53719;1.52614;1.53451;141618.88
08/10/2015 23:00:00;1.53457;1.53831;1.52998;1.53041;142879.25
11/10/2015 23:00:00;1.53055;1.53728;1.53055;1.53475;112387.82
12/10/2015 23:00:00;1.53474;1.53872;1.52003;1.52468;151061.69
13/10/2015 23:00:00;1.52468;1.54942;1.52465;1.54762;165425.15
14/10/2015 23:00:00;1.54759;1.55084;1.54151;1.54526;166801.54
15/10/2015 23:00:00;1.5465;1.54861;1.54301;1.5432;131784.97
18/10/2015 23:00:00;1.5437;1.54964;1.54273;1.54636;111037.68
19/10/2015 23:00:00;1.54636;1.55059;1.54351;1.54422;114852.95
20/10/2015 23:00:00;1.54426;1.5477;1.54119;1.54173;118775.6
21/10/2015 23:00:00;1.54148;1.55082;1.53689;1.53931;157439.19
22/10/2015 23:00:00;1.53931;1.54188;1.53058;1.53105;135035.95
25/10/2015 23:00:00;1.53162;1.53815;1.53047;1.53504;116394.15
26/10/2015 23:00:00;1.53501;1.53583;1.52826;1.52991;111307.49
27/10/2015 23:00:00;1.52991;1.5347;1.52484;1.52598;119218.3
28/10/2015 23:00:00;1.52598;1.53213;1.52421;1.53092;130327.01
29/10/2015 23:00:00;1.53092;1.54676;1.53064;1.54265;153821.36
02/11/2015 00:00:00;1.54488;1.54968;1.54039;1.54164;114653.5
03/11/2015 00:00:00;1.54164;1.54451;1.53594;1.54203;108900.16
04/11/2015 00:00:00;1.54203;1.54449;1.53606;1.53837;129649.69
05/11/2015 00:00:00;1.5384;1.54014;1.52048;1.52069;128005.19
06/11/2015 00:00:00;1.52065;1.52192;1.50268;1.50412;141930.07
09/11/2015 00:00:00;1.50506;1.51282;1.50414;1.51134;107714.16
10/11/2015 00:00:00;1.51135;1.51454;1.50912;1.51176;104896.85
11/11/2015 00:00:00;1.51176;1.52204;1.51153;1.521;108108.71
12/11/2015 00:00:00;1.5208;1.52464;1.51739;1.52309;130242.48
13/11/2015 00:00:00;1.52306;1.52633;1.51874;1.52348;112562.79
16/11/2015 00:00:00;1.52273;1.52289;1.51813;1.52012;114136.9
17/11/2015 00:00:00;1.52012;1.52384;1.51542;1.52109;110156.19
18/11/2015 00:00:00;1.5211;1.52486;1.51878;1.52352;115585.46
19/11/2015 00:00:00;1.5236;1.53355;1.52272;1.52894;133708.69
20/11/2015 00:00:00;1.52889;1.53095;1.5182;1.51855;120395.22
23/11/2015 00:00:00;1.5181;1.51954;1.51088;1.51224;125706.76
24/11/2015 00:00:00;1.51241;1.51554;1.50533;1.50787;119386.93
25/11/2015 00:00:00;1.50767;1.5136;1.50558;1.51277;121309.03
26/11/2015 00:00:00;1.51287;1.51303;1.5066;1.51006;106471.48
27/11/2015 00:00:00;1.51006;1.51092;1.50297;1.50297;113623.79
30/11/2015 00:00:00;1.50335;1.50682;1.49936;1.50546;105443.97
01/12/2015 00:00:00;1.50543;1.51255;1.50503;1.50805;134124.95
02/12/2015 00:00:00;1.50805;1.50817;1.48946;1.49511;141277.03
03/12/2015 00:00:00;1.49511;1.5159;1.49044;1.51425;198302.03
04/12/2015 00:00:00;1.51425;1.51559;1.50778;1.51032;195001.34
07/12/2015 00:00:00;1.5107;1.51145;1.50443;1.50537;148732.09
08/12/2015 00:00:00;1.50547;1.5061;1.49567;1.50057;163448.44
09/12/2015 00:00:00;1.50057;1.51912;1.5004;1.51798;168546.52
10/12/2015 00:00:00;1.51807;1.52017;1.51108;1.51586;144802.9
11/12/2015 00:00:00;1.51592;1.52398;1.51251;1.52174;133936.39
14/12/2015 00:00:00;1.52308;1.52308;1.51074;1.51407;154695.21
15/12/2015 00:00:00;1.51407;1.51847;1.50292;1.50358;160227.26
16/12/2015 00:00:00;1.50367;1.50985;1.49589;1.5001;172075.21
17/12/2015 00:00:00;1.50007;1.50065;1.48648;1.48955;158001.1
18/12/2015 00:00:00;1.48966;1.49496;1.48847;1.48905;141273.26
21/12/2015 00:00:00;1.49006;1.4929;1.48771;1.48825;122418.58
22/12/2015 00:00:00;1.48812;1.49076;1.48052;1.48255;113259.14
23/12/2015 00:00:00;1.48252;1.49002;1.48187;1.48695;110017.99
24/12/2015 00:00:00;1.48696;1.49449;1.48599;1.49009;83967.42
25/12/2015 00:00:00;1.49046;1.49429;1.48882;1.49266;3282.98
28/12/2015 00:00:00;1.49042;1.49337;1.48738;1.48786;89389.76
29/12/2015 00:00:00;1.48794;1.49133;1.47852;1.48125;101135.37
30/12/2015 00:00:00;1.48124;1.48484;1.47927;1.48127;113167.18
31/12/2015 00:00:00;1.48126;1.48447;1.47266;1.47293;97927.88
01/01/2016 00:00:00;1.47293;1.47293;1.47293;1.47293;0
04/01/2016 00:00:00;1.47336;1.4816;1.4663;1.47121;140037.82
05/01/2016 00:00:00;1.47119;1.47254;1.46381;1.46732;139942.36
06/01/2016 00:00:00;1.46732;1.46811;1.4602;1.46296;161078.63
07/01/2016 00:00:00;1.46296;1.46403;1.45329;1.46164;172395.75
08/01/2016 00:00:00;1.46159;1.46445;1.4506;1.45175;158331.34
11/01/2016 00:00:00;1.45239;1.46042;1.44921;1.45407;151048.25
12/01/2016 00:00:00;1.45402;1.456;1.43518;1.44473;159119.01
13/01/2016 00:00:00;1.44473;1.44757;1.43799;1.44053;163238.14
14/01/2016 00:00:00;1.44054;1.44452;1.43599;1.44109;169866.76
15/01/2016 00:00:00;1.44101;1.44277;1.42485;1.42485;163860.43
18/01/2016 00:00:00;1.42504;1.43231;1.42368;1.42416;137625.76
19/01/2016 00:00:00;1.42415;1.43396;1.41291;1.4157;167480.31
20/01/2016 00:00:00;1.41553;1.4219;1.41251;1.41897;180890.16
21/01/2016 00:00:00;1.41897;1.42487;1.40793;1.42205;182887.47
22/01/2016 00:00:00;1.42205;1.43627;1.42045;1.42619;165523.02
25/01/2016 00:00:00;1.42652;1.43092;1.42233;1.42479;143344.99
26/01/2016 00:00:00;1.42475;1.43668;1.41729;1.43493;162007.87
27/01/2016 00:00:00;1.43488;1.43549;1.42297;1.42325;168707.37
28/01/2016 00:00:00;1.42324;1.44073;1.4231;1.43579;172944.69
29/01/2016 00:00:00;1.4358;1.4413;1.41491;1.42409;176709
01/02/2016 00:00:00;1.425;1.44447;1.42276;1.44311;166403.05
02/02/2016 00:00:00;1.44311;1.44456;1.43259;1.44076;165592.72
03/02/2016 00:00:00;1.44082;1.46488;1.43835;1.46004;194279.09
04/02/2016 00:00:00;1.46009;1.4668;1.45293;1.45878;195705.86
05/02/2016 00:00:00;1.45878;1.45912;1.44519;1.44999;174942.62
08/02/2016 00:00:00;1.44798;1.45467;1.43519;1.44313;189286.68
09/02/2016 00:00:00;1.44313;1.45152;1.4378;1.4469;219890.02
10/02/2016 00:00:00;1.4469;1.45783;1.44399;1.45209;196037.16
11/02/2016 00:00:00;1.45207;1.45633;1.43831;1.44753;215514.47
12/02/2016 00:00:00;1.44753;1.45695;1.44428;1.44996;184189.76
15/02/2016 00:00:00;1.45003;1.4535;1.44129;1.44317;145473.55
16/02/2016 00:00:00;1.44317;1.45158;1.42759;1.4302;168349.72
17/02/2016 00:00:00;1.43021;1.43387;1.42351;1.42876;177039.95
18/02/2016 00:00:00;1.42871;1.43944;1.42561;1.43328;171671.31
19/02/2016 00:00:00;1.43311;1.4408;1.42464;1.44014;173021.82
22/02/2016 00:00:00;1.42611;1.43056;1.4057;1.4149;188180.07
23/02/2016 00:00:00;1.41493;1.41556;1.40074;1.40212;171011.54
24/02/2016 00:00:00;1.40213;1.40273;1.38782;1.39246;188149.47
25/02/2016 00:00:00;1.3925;1.39961;1.38997;1.396;167187.7
26/02/2016 00:00:00;1.39598;1.40424;1.38535;1.3869;174325.1
29/02/2016 00:00:00;1.38556;1.39461;1.38358;1.39136;179922.04
01/03/2016 00:00:00;1.39136;1.40183;1.39039;1.39522;197684.45
02/03/2016 00:00:00;1.39522;1.40931;1.39142;1.40767;190881.43
03/03/2016 00:00:00;1.40769;1.41938;1.40326;1.41742;191225.01
04/03/2016 00:00:00;1.41739;1.42484;1.41073;1.4229;194325.16
07/03/2016 00:00:00;1.42158;1.42832;1.41337;1.42621;159248.45
08/03/2016 00:00:00;1.42621;1.42751;1.41734;1.42137;166642.47
09/03/2016 00:00:00;1.42136;1.42407;1.4177;1.42149;157387.11
10/03/2016 00:00:00;1.42143;1.43167;1.41178;1.42769;202793.74
11/03/2016 00:00:00;1.42769;1.44361;1.42543;1.43821;178883.22
13/03/2016 23:00:00;1.43647;1.4389;1.42923;1.43009;146581.35
14/03/2016 23:00:00;1.43005;1.43051;1.41389;1.41488;161048.83
15/03/2016 23:00:00;1.4149;1.42732;1.40526;1.42573;187831.68
16/03/2016 23:00:00;1.42553;1.4503;1.42213;1.44794;183124.16
17/03/2016 23:00:00;1.44794;1.45141;1.44101;1.4475;148377.55
20/03/2016 23:00:00;1.44339;1.44672;1.43649;1.43673;138689.58
21/03/2016 23:00:00;1.43675;1.43972;1.41903;1.42056;159735.19
22/03/2016 23:00:00;1.42057;1.4227;1.40816;1.41141;142537.11
23/03/2016 23:00:00;1.41141;1.41824;1.40568;1.41515;136258.37
24/03/2016 23:00:00;1.41516;1.41577;1.41083;1.41211;51341.98
27/03/2016 23:00:00;1.41273;1.42826;1.41199;1.42534;75765.31
28/03/2016 23:00:00;1.42536;1.44036;1.41945;1.43792;160966.76
29/03/2016 23:00:00;1.43792;1.44588;1.43605;1.43774;176959.43
30/03/2016 23:00:00;1.43773;1.44259;1.43256;1.43589;158278.97
31/03/2016 23:00:00;1.43603;1.43709;1.41705;1.42211;171890.58
03/04/2016 23:00:00;1.42201;1.43215;1.41906;1.42621;139679.06
04/04/2016 23:00:00;1.42626;1.42783;1.41216;1.41601;145594.46
05/04/2016 23:00:00;1.41596;1.41711;1.40048;1.41207;165841.26
06/04/2016 23:00:00;1.41204;1.41567;1.40488;1.40553;172754.82
07/04/2016 23:00:00;1.40555;1.41408;1.40403;1.41231;137795.4
10/04/2016 23:00:00;1.41132;1.42865;1.41048;1.42348;150070.36
11/04/2016 23:00:00;1.42351;1.43476;1.41962;1.42736;162936.17
12/04/2016 23:00:00;1.42736;1.4279;1.41928;1.42026;152072.74
13/04/2016 23:00:00;1.42026;1.42071;1.40903;1.41521;139525.21
14/04/2016 23:00:00;1.41517;1.42417;1.41325;1.41982;117885.56
17/04/2016 23:00:00;1.41969;1.42903;1.4131;1.42768;128439.67
18/04/2016 23:00:00;1.42768;1.44187;1.42702;1.43969;142672.69
19/04/2016 23:00:00;1.43954;1.44101;1.43296;1.43307;158056.51
20/04/2016 23:00:00;1.43303;1.44402;1.42992;1.43222;157790.13
21/04/2016 23:00:00;1.43222;1.44514;1.43134;1.43983;160022.76
24/04/2016 23:00:00;1.4462;1.45191;1.44025;1.44806;166786.11
25/04/2016 23:00:00;1.44798;1.46385;1.44788;1.45793;172853.96
26/04/2016 23:00:00;1.4579;1.46217;1.44728;1.45404;175987.7
27/04/2016 23:00:00;1.45396;1.46221;1.45225;1.46062;186865.44
28/04/2016 23:00:00;1.46062;1.467;1.45764;1.46085;199284.6
01/05/2016 23:00:00;1.45825;1.4696;1.45825;1.46722;129101.73
02/05/2016 23:00:00;1.46722;1.47698;1.45289;1.45335;189622.16
03/05/2016 23:00:00;1.45334;1.45714;1.44613;1.44926;165227.93
04/05/2016 23:00:00;1.44926;1.45289;1.44436;1.4484;147288.64
05/05/2016 23:00:00;1.44828;1.45438;1.44147;1.44203;152434.31
08/05/2016 23:00:00;1.44108;1.44793;1.43747;1.44051;139815.73
09/05/2016 23:00:00;1.44064;1.44777;1.43885;1.44389;141162.6
10/05/2016 23:00:00;1.44389;1.44879;1.43945;1.44463;132039.38
11/05/2016 23:00:00;1.44459;1.45303;1.44061;1.44472;134156.5
12/05/2016 23:00:00;1.44476;1.44541;1.43403;1.43546;162037
15/05/2016 23:00:00;1.43437;1.44143;1.43323;1.44008;100868.45
16/05/2016 23:00:00;1.43983;1.4524;1.43959;1.44609;135030.12
17/05/2016 23:00:00;1.44609;1.4634;1.44032;1.45973;163402.6
18/05/2016 23:00:00;1.45973;1.46629;1.45615;1.46089;185814.83
19/05/2016 23:00:00;1.46086;1.46128;1.44856;1.44988;120699.75
22/05/2016 23:00:00;1.45028;1.45489;1.44422;1.44835;125891.57
23/05/2016 23:00:00;1.44836;1.46419;1.4473;1.46319;151621.86
24/05/2016 23:00:00;1.46319;1.47288;1.46008;1.4695;152223.71
25/05/2016 23:00:00;1.46946;1.47394;1.464;1.46684;155747.04
26/05/2016 23:00:00;1.46683;1.46884;1.46045;1.46152;134430.09
29/05/2016 23:00:00;1.46064;1.46411;1.45871;1.4639;75260.92
30/05/2016 23:00:00;1.46386;1.47253;1.44646;1.44806;169274.42
31/05/2016 23:00:00;1.44803;1.45071;1.43857;1.44143;162151.8
01/06/2016 23:00:00;1.44143;1.44727;1.4405;1.44206;139210.4
02/06/2016 23:00:00;1.44204;1.45814;1.43986;1.45075;144633.23
05/06/2016 23:00:00;1.44627;1.44819;1.43517;1.44387;174535.53
06/06/2016 23:00:00;1.44378;1.46607;1.44345;1.45432;142217.4
07/06/2016 23:00:00;1.45432;1.46;1.45;1.45017;135102.18
08/06/2016 23:00:00;1.45009;1.45269;1.44469;1.44543;128675.92
09/06/2016 23:00:00;1.44551;1.44723;1.41794;1.42485;137862.23
12/06/2016 23:00:00;1.42647;1.43279;1.41149;1.42679;174075.03
13/06/2016 23:00:00;1.42679;1.42679;1.40904;1.41094;130358.2
14/06/2016 23:00:00;1.41088;1.42173;1.40888;1.42019;131405.72
15/06/2016 23:00:00;1.4202;1.42529;1.40123;1.42006;138957.85
16/06/2016 23:00:00;1.42007;1.43873;1.41961;1.43535;154257.89
19/06/2016 23:00:00;1.44694;1.47184;1.44336;1.46971;178331.63
20/06/2016 23:00:00;1.46812;1.47835;1.46156;1.4642;191258.2
21/06/2016 23:00:00;1.46451;1.47737;1.46409;1.47029;180840.97
22/06/2016 23:00:00;1.47025;1.49463;1.47;1.48667;228410.18
23/06/2016 23:00:00;1.48773;1.50177;1.32271;1.36595;362148.11
26/06/2016 23:00:00;1.34251;1.34863;1.31208;1.32192;241384.83
27/06/2016 23:00:00;1.32188;1.34191;1.32024;1.33379;174415.12
28/06/2016 23:00:00;1.33371;1.35328;1.32865;1.34249;202103.23
29/06/2016 23:00:00;1.34253;1.34963;1.32052;1.33076;225421.4
30/06/2016 23:00:00;1.33061;1.33492;1.32438;1.32718;164227.43
03/07/2016 23:00:00;1.32448;1.33403;1.32406;1.32854;110294.05
04/07/2016 23:00:00;1.32883;1.32894;1.29994;1.3021;191341.11
05/07/2016 23:00:00;1.30211;1.30268;1.27971;1.29284;244857.79
06/07/2016 23:00:00;1.29284;1.30468;1.28758;1.2905;189331.61
07/07/2016 23:00:00;1.2905;1.3018;1.28801;1.29529;178484.05
10/07/2016 23:00:00;1.29461;1.30175;1.28502;1.29937;183474.41
11/07/2016 23:00:00;1.29904;1.32946;1.29717;1.32446;216443.48
12/07/2016 23:00:00;1.32447;1.33369;1.31332;1.31439;226462.75
13/07/2016 23:00:00;1.31444;1.34784;1.31048;1.33411;224815.09
14/07/2016 23:00:00;1.33417;1.34802;1.31316;1.31838;185749.33
17/07/2016 23:00:00;1.3195;1.33144;1.31846;1.32548;160519.15
18/07/2016 23:00:00;1.32546;1.32743;1.30737;1.31091;150827.38
19/07/2016 23:00:00;1.31096;1.32261;1.30644;1.32028;446450.79
20/07/2016 23:00:00;1.32028;1.32745;1.3156;1.32318;520571.61
21/07/2016 23:00:00;1.32318;1.32911;1.30786;1.3109;618531.85
24/07/2016 23:00:00;1.31406;1.31645;1.30947;1.31354;396484.72
25/07/2016 23:00:00;1.31354;1.31754;1.30571;1.31277;588044.86
26/07/2016 23:00:00;1.31277;1.32344;1.30723;1.32211;545940.59
27/07/2016 23:00:00;1.32209;1.32481;1.31169;1.31608;557853.76
28/07/2016 23:00:00;1.31604;1.3301;1.31478;1.32224;513843.69
31/07/2016 23:00:00;1.3222;1.32719;1.31624;1.31741;488487.96
01/08/2016 23:00:00;1.31741;1.33653;1.31716;1.33549;493116.74
02/08/2016 23:00:00;1.33546;1.33714;1.32801;1.33234;429481.36
03/08/2016 23:00:00;1.33234;1.33455;1.31024;1.31056;536673.71
04/08/2016 23:00:00;1.31056;1.31748;1.30209;1.30669;389670.42
07/08/2016 23:00:00;1.30719;1.30965;1.30274;1.30388;302156.93
08/08/2016 23:00:00;1.30388;1.30477;1.29558;1.30008;305681.83
09/08/2016 23:00:00;1.30007;1.30939;1.29908;1.30083;375694.76
10/08/2016 23:00:00;1.30084;1.30276;1.29354;1.29553;288098.63
11/08/2016 23:00:00;1.29553;1.30346;1.29029;1.29148;291200.78
14/08/2016 23:00:00;1.29206;1.29448;1.28658;1.28771;243652.26
15/08/2016 23:00:00;1.28771;1.3051;1.2876;1.30453;315281.5
16/08/2016 23:00:00;1.30453;1.30855;1.29794;1.30407;329547.26
17/08/2016 23:00:00;1.30411;1.31726;1.30364;1.31643;370495.38
18/08/2016 23:00:00;1.31643;1.31854;1.30226;1.30736;359024.82
21/08/2016 23:00:00;1.30515;1.31572;1.3034;1.31367;357680.37
22/08/2016 23:00:00;1.31367;1.32104;1.31282;1.3197;391551.5
23/08/2016 23:00:00;1.3197;1.3273;1.31611;1.32312;345533.64
24/08/2016 23:00:00;1.32312;1.32636;1.31687;1.31902;310284.09
25/08/2016 23:00:00;1.31899;1.32789;1.31216;1.31297;409760.78
28/08/2016 23:00:00;1.31061;1.31389;1.30593;1.3103;288726.45
29/08/2016 23:00:00;1.3103;1.31199;1.30592;1.3076;373371.64
30/08/2016 23:00:00;1.30755;1.31579;1.30658;1.31371;391215.18
31/08/2016 23:00:00;1.31371;1.33177;1.31282;1.32672;411500.97
01/09/2016 23:00:00;1.32675;1.33522;1.32524;1.32906;419084.83
04/09/2016 23:00:00;1.32934;1.33755;1.32879;1.3301;379250.75
05/09/2016 23:00:00;1.3301;1.34448;1.32965;1.3438;394997.24
06/09/2016 23:00:00;1.34368;1.34394;1.3319;1.33394;418525.59
07/09/2016 23:00:00;1.3339;1.33753;1.32831;1.32911;410380.17
08/09/2016 23:00:00;1.32911;1.33357;1.32391;1.32606;414495.14
11/09/2016 23:00:00;1.32623;1.33469;1.32349;1.33353;430139.27
12/09/2016 23:00:00;1.33353;1.33406;1.31673;1.31913;538088.45
13/09/2016 23:00:00;1.31913;1.32402;1.31382;1.32327;541840.19
14/09/2016 23:00:00;1.32327;1.32784;1.31796;1.32369;489620.02
15/09/2016 23:00:00;1.32368;1.32475;1.29953;1.29953;408372.25
18/09/2016 23:00:00;1.29959;1.30909;1.29959;1.30277;468243.34
19/09/2016 23:00:00;1.30271;1.30648;1.29468;1.29874;451737.2
20/09/2016 23:00:00;1.29874;1.30463;1.29445;1.3028;543272.23
21/09/2016 23:00:00;1.3028;1.31207;1.3025;1.30746;606168.5
22/09/2016 23:00:00;1.30746;1.30876;1.29145;1.29604;560998.78
25/09/2016 23:00:00;1.29615;1.29867;1.29161;1.29743;434967.34
26/09/2016 23:00:00;1.29751;1.30264;1.29367;1.30216;504095.59
27/09/2016 23:00:00;1.30216;1.30315;1.29799;1.30152;545591.08
28/09/2016 23:00:00;1.30151;1.3058;1.2954;1.29677;502394.04
29/09/2016 23:00:00;1.29663;1.30226;1.29368;1.29737;553396.46
02/10/2016 23:00:00;1.29184;1.2946;1.28171;1.28392;442412.69
03/10/2016 23:00:00;1.28389;1.28601;1.27194;1.27264;547179.18
04/10/2016 23:00:00;1.27265;1.27711;1.26854;1.27458;543767.99
05/10/2016 23:00:00;1.27464;1.27598;1.26019;1.2614;510465.22
06/10/2016 23:00:00;1.26159;1.26223;1.19198;1.2427;573229.79
09/10/2016 23:00:00;1.23904;1.24441;1.23447;1.23599;394109.35
10/10/2016 23:00:00;1.23599;1.23738;1.20893;1.21196;497201.3
11/10/2016 23:00:00;1.21176;1.23249;1.21046;1.22045;603464.41
12/10/2016 23:00:00;1.22045;1.22718;1.21327;1.22512;480359.48
13/10/2016 23:00:00;1.22505;1.22613;1.21678;1.2181;431464.64
16/10/2016 23:00:00;1.21546;1.22014;1.21356;1.21797;415824.6
17/10/2016 23:00:00;1.21797;1.23249;1.21765;1.22964;439399.04
18/10/2016 23:00:00;1.22933;1.23311;1.22536;1.22859;383952.63
19/10/2016 23:00:00;1.22859;1.22979;1.22098;1.22515;369199.66
20/10/2016 23:00:00;1.22514;1.22596;1.21711;1.2228;335087.5
23/10/2016 23:00:00;1.22157;1.2249;1.21853;1.22362;224464.09
24/10/2016 23:00:00;1.22356;1.22432;1.20825;1.21847;139413.75
25/10/2016 23:00:00;1.21847;1.22491;1.21566;1.22453;126547.32
26/10/2016 23:00:00;1.22448;1.22711;1.2149;1.21609;140077.67
27/10/2016 23:00:00;1.21609;1.22121;1.21138;1.21833;156381.83
30/10/2016 23:00:00;1.21729;1.22489;1.21436;1.22435;122213.68
31/10/2016 23:00:00;1.22435;1.22804;1.22057;1.22407;153628.77
01/11/2016 23:00:00;1.22405;1.23537;1.22203;1.2301;174942.83
02/11/2016 23:00:00;1.2301;1.2494;1.22966;1.24584;191461.66
03/11/2016 23:00:00;1.24604;1.25571;1.24449;1.25177;173285.68
07/11/2016 00:00:00;1.24515;1.24972;1.23792;1.23937;155341
08/11/2016 00:00:00;1.23936;1.24395;1.2361;1.2372;138518.43
09/11/2016 00:00:00;1.23711;1.2547;1.23528;1.24025;278928.22
10/11/2016 00:00:00;1.24025;1.25845;1.23772;1.25518;217772.24
11/11/2016 00:00:00;1.25518;1.26733;1.25252;1.25954;208775.11
14/11/2016 00:00:00;1.25625;1.25919;1.2444;1.2486;200996.26
15/11/2016 00:00:00;1.24862;1.25288;1.23802;1.2455;204310.2
16/11/2016 00:00:00;1.24549;1.25021;1.2409;1.24389;200324.87
17/11/2016 00:00:00;1.24393;1.25048;1.24087;1.24107;179518.07
18/11/2016 00:00:00;1.24102;1.2436;1.2302;1.23366;200416.68
21/11/2016 00:00:00;1.23423;1.25114;1.23123;1.24881;190338.81
22/11/2016 00:00:00;1.24883;1.25124;1.23844;1.24223;151252.05
23/11/2016 00:00:00;1.24216;1.24687;1.23601;1.24371;159903.13
24/11/2016 00:00:00;1.24345;1.24945;1.24015;1.24448;155840.24
25/11/2016 00:00:00;1.24449;1.24853;1.24155;1.24843;168168.74
28/11/2016 00:00:00;1.24783;1.25311;1.23854;1.24128;165232.55
29/11/2016 00:00:00;1.2412;1.25256;1.23878;1.24892;151277.93
30/11/2016 00:00:00;1.24871;1.2523;1.2419;1.25039;185903.53
01/12/2016 00:00:00;1.25037;1.26956;1.25012;1.25875;182468.21
02/12/2016 00:00:00;1.25871;1.27367;1.25699;1.27265;159900.16
05/12/2016 00:00:00;1.26776;1.27449;1.26254;1.27305;206642.3
06/12/2016 00:00:00;1.27305;1.27744;1.26562;1.2676;155683.94
07/12/2016 00:00:00;1.2676;1.26826;1.25698;1.26238;134180.28
08/12/2016 00:00:00;1.26215;1.27044;1.25492;1.2583;164745.98
09/12/2016 00:00:00;1.25806;1.26204;1.25522;1.25646;129982.21
12/12/2016 00:00:00;1.25724;1.26992;1.25668;1.26718;147579.14
13/12/2016 00:00:00;1.26729;1.27277;1.26532;1.26564;162130.86
14/12/2016 00:00:00;1.26573;1.27228;1.25302;1.25593;192554.3
15/12/2016 00:00:00;1.25593;1.25676;1.2376;1.2416;223294.76
16/12/2016 00:00:00;1.2416;1.25098;1.23826;1.24856;173724.06
19/12/2016 00:00:00;1.24756;1.25022;1.23551;1.23918;141692.21
20/12/2016 00:00:00;1.23933;1.24084;1.23126;1.23642;158090.09
21/12/2016 00:00:00;1.23635;1.23905;1.23237;1.23505;137542.93
22/12/2016 00:00:00;1.23503;1.23779;1.22765;1.22809;135300.01
23/12/2016 00:00:00;1.22808;1.22986;1.22284;1.22871;105525.42
26/12/2016 00:00:00;1.22562;1.23032;1.22534;1.22805;45146.25
27/12/2016 00:00:00;1.22775;1.22868;1.22406;1.22661;91791.93
28/12/2016 00:00:00;1.22661;1.2297;1.22006;1.22238;109841.13
29/12/2016 00:00:00;1.2223;1.22743;1.22091;1.22571;123135.58
30/12/2016 00:00:00;1.22572;1.23877;1.22455;1.23399;164080.93
02/01/2017 00:00:00;1.23202;1.23547;1.22717;1.22744;56133.05
03/01/2017 00:00:00;1.22736;1.23067;1.21994;1.2236;144182.14
04/01/2017 00:00:00;1.22359;1.23524;1.2221;1.23208;155178
05/01/2017 00:00:00;1.23216;1.2432;1.22699;1.24147;198496.04
06/01/2017 00:00:00;1.24129;1.24307;1.2261;1.22798;164345.59
09/01/2017 00:00:00;1.22487;1.22707;1.21239;1.21581;165677.63
10/01/2017 00:00:00;1.21577;1.21898;1.21069;1.21752;179421.33
11/01/2017 00:00:00;1.21752;1.2272;1.2038;1.22085;215936.66
12/01/2017 00:00:00;1.22085;1.23168;1.21522;1.21604;201453.25
13/01/2017 00:00:00;1.21604;1.22327;1.21211;1.2175;181546.01
16/01/2017 00:00:00;1.19972;1.20851;1.1987;1.20411;165406.4
17/01/2017 00:00:00;1.20403;1.2415;1.20168;1.24128;240653.09
18/01/2017 00:00:00;1.24123;1.24134;1.22541;1.22574;207033.66
19/01/2017 00:00:00;1.22568;1.23426;1.22524;1.23418;215467.04
20/01/2017 00:00:00;1.23418;1.23802;1.22605;1.23741;216000.18
23/01/2017 00:00:00;1.23751;1.25378;1.23704;1.2532;185420.35
24/01/2017 00:00:00;1.2532;1.25443;1.24185;1.25194;196288.28
25/01/2017 00:00:00;1.25194;1.26383;1.24908;1.26303;192482.37
26/01/2017 00:00:00;1.26303;1.26731;1.25564;1.25914;203652.25
27/01/2017 00:00:00;1.25927;1.26052;1.25173;1.25447;185657.08
30/01/2017 00:00:00;1.25834;1.26002;1.24658;1.2484;155254.83
31/01/2017 00:00:00;1.24839;1.25963;1.24122;1.25777;195785.05
01/02/2017 00:00:00;1.25759;1.26796;1.25429;1.26568;186526.21
02/02/2017 00:00:00;1.26568;1.2706;1.2518;1.25236;177468.31
03/02/2017 00:00:00;1.25241;1.25377;1.24592;1.24765;167280.66
06/02/2017 00:00:00;1.24844;1.24985;1.24273;1.24651;157007.29
07/02/2017 00:00:00;1.2464;1.25462;1.23467;1.25075;168629.02
08/02/2017 00:00:00;1.25073;1.25496;1.24746;1.2541;168292.62
09/02/2017 00:00:00;1.2541;1.25821;1.2491;1.24942;156778.79
10/02/2017 00:00:00;1.2493;1.2521;1.24396;1.24835;166485.97
13/02/2017 00:00:00;1.24582;1.2539;1.24579;1.25239;146814.08
14/02/2017 00:00:00;1.25248;1.25483;1.24434;1.24664;163220.23
15/02/2017 00:00:00;1.24654;1.24808;1.23828;1.24589;166883.49
16/02/2017 00:00:00;1.24564;1.25234;1.24539;1.24887;156657.81
17/02/2017 00:00:00;1.24882;1.25107;1.23878;1.24069;156860.5
20/02/2017 00:00:00;1.24043;1.24825;1.24043;1.24597;122175.61
21/02/2017 00:00:00;1.24579;1.24806;1.24015;1.2473;144386.67
22/02/2017 00:00:00;1.24724;1.25077;1.24195;1.24419;158616.08
23/02/2017 00:00:00;1.24439;1.25612;1.24273;1.25561;144747.57
24/02/2017 00:00:00;1.25561;1.25698;1.24478;1.24561;136372.4
27/02/2017 00:00:00;1.24704;1.24785;1.23838;1.24426;143646.53
28/02/2017 00:00:00;1.24407;1.24703;1.23748;1.238;145108.43
01/03/2017 00:00:00;1.238;1.24043;1.22796;1.22922;164580.94
02/03/2017 00:00:00;1.22922;1.23076;1.22425;1.2265;138396.81
03/03/2017 00:00:00;1.22648;1.22998;1.22142;1.22915;147799.84
06/03/2017 00:00:00;1.22839;1.23004;1.22241;1.22352;120583.15
07/03/2017 00:00:00;1.22345;1.22522;1.21691;1.21984;134796.31
08/03/2017 00:00:00;1.21984;1.22137;1.21391;1.2165;135200.99
09/03/2017 00:00:00;1.21651;1.21951;1.21344;1.21642;152738.09
10/03/2017 00:00:00;1.21633;1.21883;1.21395;1.21636;139376.59
12/03/2017 23:00:00;1.21579;1.22508;1.21501;1.22178;151928.91
13/03/2017 23:00:00;1.22172;1.22216;1.21092;1.21487;132503.36
14/03/2017 23:00:00;1.21485;1.23091;1.21464;1.22911;168435.86
15/03/2017 23:00:00;1.22904;1.23769;1.22413;1.23586;172141.36
16/03/2017 23:00:00;1.23586;1.24047;1.23237;1.23945;138573.26
19/03/2017 23:00:00;1.2381;1.24354;1.2335;1.23578;116830.11
20/03/2017 23:00:00;1.23573;1.24944;1.23404;1.24769;151478.63
21/03/2017 23:00:00;1.24773;1.2506;1.24239;1.2483;137078.02
22/03/2017 23:00:00;1.24819;1.25307;1.2463;1.25199;139713.08
23/03/2017 23:00:00;1.25199;1.25209;1.2469;1.2471;118732.9
26/03/2017 23:00:00;1.24914;1.26151;1.24897;1.25572;136049.63
27/03/2017 23:00:00;1.25571;1.25962;1.2441;1.24473;130537.05
28/03/2017 23:00:00;1.24459;1.2476;1.23767;1.24347;155497.29
29/03/2017 23:00:00;1.24351;1.25241;1.24028;1.24676;129893.37
30/03/2017 23:00:00;1.24674;1.25581;1.24333;1.25512;145387.84
02/04/2017 23:00:00;1.25424;1.25558;1.24655;1.24839;119554.84
03/04/2017 23:00:00;1.24842;1.24952;1.24189;1.24382;121767.29
04/04/2017 23:00:00;1.2438;1.24979;1.24228;1.2482;137785.47
05/04/2017 23:00:00;1.24818;1.25057;1.24506;1.24677;127014.4
06/04/2017 23:00:00;1.24674;1.24775;1.23652;1.23678;158250.55
09/04/2017 23:00:00;1.23802;1.24286;1.23657;1.24117;116711.19
10/04/2017 23:00:00;1.24116;1.24944;1.24035;1.24893;140634.29
11/04/2017 23:00:00;1.24891;1.25483;1.24801;1.25387;152729.01
12/04/2017 23:00:00;1.2537;1.25742;1.25;1.25008;148086.47
13/04/2017 23:00:00;1.25007;1.25346;1.2497;1.25172;97779.43
16/04/2017 23:00:00;1.25271;1.25959;1.2524;1.25631;98050.09
17/04/2017 23:00:00;1.25638;1.29053;1.25151;1.284;200510.82
18/04/2017 23:00:00;1.28398;1.28603;1.27701;1.27772;163358.76
19/04/2017 23:00:00;1.27773;1.28471;1.27724;1.2809;150738.14
20/04/2017 23:00:00;1.2809;1.28345;1.27567;1.28022;134883.02
23/04/2017 23:00:00;1.28325;1.28394;1.27721;1.27943;154049.23
24/04/2017 23:00:00;1.27943;1.28456;1.27749;1.28414;151042.24
25/04/2017 23:00:00;1.28409;1.28633;1.28048;1.28464;160407.06
26/04/2017 23:00:00;1.28466;1.29171;1.28392;1.29036;155602.2
27/04/2017 23:00:00;1.29035;1.29648;1.28885;1.29476;166086.91
30/04/2017 23:00:00;1.29267;1.29431;1.28822;1.28838;89800.81
01/05/2017 23:00:00;1.28839;1.29394;1.28641;1.29382;116375.69
02/05/2017 23:00:00;1.29382;1.29474;1.28652;1.28663;133094.83
03/05/2017 23:00:00;1.28666;1.29319;1.28308;1.29214;137657.02
04/05/2017 23:00:00;1.29214;1.29837;1.29001;1.29753;136871.84
07/05/2017 23:00:00;1.29817;1.29888;1.29298;1.29363;139921.67
08/05/2017 23:00:00;1.29364;1.29608;1.29026;1.29307;154070.29
09/05/2017 23:00:00;1.29306;1.29879;1.29276;1.29375;145614.45
10/05/2017 23:00:00;1.29375;1.29484;1.28491;1.28867;166518.22
11/05/2017 23:00:00;1.28849;1.28995;1.28447;1.28848;157315.62
14/05/2017 23:00:00;1.28752;1.29405;1.28752;1.2892;147730.57
15/05/2017 23:00:00;1.2892;1.29571;1.28654;1.29155;157366.37
16/05/2017 23:00:00;1.29155;1.29906;1.29058;1.2969;166135.79
17/05/2017 23:00:00;1.29689;1.30476;1.28892;1.29348;188982.42
18/05/2017 23:00:00;1.29333;1.30398;1.29198;1.30349;152028.96
21/05/2017 23:00:00;1.29901;1.30429;1.29654;1.29998;153473.39
22/05/2017 23:00:00;1.29988;1.30335;1.29529;1.29603;160851.28
23/05/2017 23:00:00;1.29603;1.29988;1.2927;1.29725;140322.95
24/05/2017 23:00:00;1.29726;1.30149;1.29316;1.29405;123356.53
25/05/2017 23:00:00;1.29401;1.29468;1.27754;1.28032;141173.37
28/05/2017 23:00:00;1.28008;1.28499;1.27974;1.28375;85624.56
29/05/2017 23:00:00;1.28375;1.28882;1.2794;1.28569;124210.69
30/05/2017 23:00:00;1.28569;1.29208;1.27692;1.28881;149298.73
31/05/2017 23:00:00;1.28881;1.29157;1.28297;1.28792;130140.24
01/06/2017 23:00:00;1.28792;1.29034;1.28457;1.28894;112862.18
04/06/2017 23:00:00;1.2857;1.29407;1.2856;1.29039;98701.2
05/06/2017 23:00:00;1.2903;1.29493;1.28718;1.29076;110740.88
06/06/2017 23:00:00;1.29061;1.29687;1.28873;1.29591;123368.48
07/06/2017 23:00:00;1.29591;1.29774;1.29079;1.29506;123291.51
08/06/2017 23:00:00;1.29556;1.29563;1.26352;1.27365;218472.73
11/06/2017 23:00:00;1.27133;1.27693;1.26385;1.26571;138134.21
12/06/2017 23:00:00;1.26568;1.27565;1.26418;1.27517;126153.21
13/06/2017 23:00:00;1.27522;1.28177;1.27233;1.27484;160979.15
14/06/2017 23:00:00;1.27499;1.27953;1.26902;1.27543;147290.45
15/06/2017 23:00:00;1.27543;1.28052;1.27505;1.27726;126007.81
18/06/2017 23:00:00;1.27553;1.28144;1.27233;1.27359;129114.23
19/06/2017 23:00:00;1.27359;1.27577;1.26029;1.2629;171380.36
20/06/2017 23:00:00;1.26276;1.27098;1.2589;1.26705;137147.59
21/06/2017 23:00:00;1.26704;1.26911;1.26541;1.26814;133089.05
22/06/2017 23:00:00;1.26815;1.27444;1.26753;1.27159;120867.13
25/06/2017 23:00:00;1.2733;1.27594;1.27061;1.27223;116295.58
26/06/2017 23:00:00;1.2722;1.28608;1.2716;1.28138;143518.73
27/06/2017 23:00:00;1.28137;1.2972;1.27936;1.2924;174963.58
28/06/2017 23:00:00;1.2924;1.30152;1.29223;1.30038;154233.9
29/06/2017 23:00:00;1.30045;1.30298;1.29459;1.30183;147003.9
02/07/2017 23:00:00;1.30039;1.30232;1.29317;1.29363;130108.7
03/07/2017 23:00:00;1.29348;1.29587;1.29122;1.29162;148447.71
04/07/2017 23:00:00;1.29163;1.29476;1.2893;1.29337;136509.19
05/07/2017 23:00:00;1.29343;1.29834;1.29195;1.29712;133658.38
06/07/2017 23:00:00;1.29697;1.29745;1.28666;1.28864;121610.2
09/07/2017 23:00:00;1.28767;1.29079;1.28546;1.28799;96908.7
10/07/2017 23:00:00;1.28795;1.29271;1.28308;1.28434;115151.24
11/07/2017 23:00:00;1.28425;1.29073;1.28116;1.28821;147672.41
12/07/2017 23:00:00;1.28823;1.29549;1.2879;1.29362;133013.4
13/07/2017 23:00:00;1.29361;1.31135;1.29352;1.30973;133741.73
16/07/2017 23:00:00;1.30968;1.31128;1.30465;1.30532;128177.34
17/07/2017 23:00:00;1.30509;1.31253;1.30049;1.30378;151642.02
18/07/2017 23:00:00;1.30379;1.30527;1.30106;1.30203;129719.9
19/07/2017 23:00:00;1.3021;1.30323;1.29329;1.29738;156229.85
20/07/2017 23:00:00;1.29737;1.30195;1.29531;1.29931;125479.94
23/07/2017 23:00:00;1.29878;1.30577;1.29873;1.30278;116379.04
24/07/2017 23:00:00;1.3028;1.30837;1.30074;1.30231;123948.74
25/07/2017 23:00:00;1.30232;1.31233;1.29996;1.31212;149029.5
26/07/2017 23:00:00;1.31212;1.31585;1.30506;1.30649;155683.09
27/07/2017 23:00:00;1.30642;1.31517;1.30618;1.31335;136115.64
30/07/2017 23:00:00;1.31227;1.32236;1.3097;1.32134;127628.46
31/07/2017 23:00:00;1.32141;1.32442;1.31903;1.32017;128182.86
01/08/2017 23:00:00;1.32017;1.32504;1.31908;1.3222;111144.72
02/08/2017 23:00:00;1.3222;1.32679;1.31123;1.31368;129644.44
03/08/2017 23:00:00;1.31367;1.3164;1.30238;1.30366;114791.24
06/08/2017 23:00:00;1.30354;1.30589;1.30138;1.30336;94039.25
07/08/2017 23:00:00;1.30335;1.30535;1.29523;1.29907;101956.97
08/08/2017 23:00:00;1.29907;1.30282;1.2968;1.30033;120160.98
09/08/2017 23:00:00;1.30033;1.30152;1.29513;1.29757;117026.91
10/08/2017 23:00:00;1.29757;1.30313;1.29393;1.30078;114995.98
13/08/2017 23:00:00;1.29801;1.30217;1.29563;1.29635;109616.05
14/08/2017 23:00:00;1.29634;1.297;1.2846;1.2868;128165.91
15/08/2017 23:00:00;1.2868;1.2903;1.28413;1.28896;126877.73
16/08/2017 23:00:00;1.28894;1.29088;1.28525;1.28648;142284.19
17/08/2017 23:00:00;1.28645;1.29162;1.28313;1.28723;126808.73
20/08/2017 23:00:00;1.28563;1.29163;1.28501;1.28978;103651.43
21/08/2017 23:00:00;1.28978;1.29085;1.28107;1.28225;104748.85
22/08/2017 23:00:00;1.28224;1.28334;1.27795;1.27973;120271.82
23/08/2017 23:00:00;1.27974;1.28367;1.27738;1.27993;121222.97
24/08/2017 23:00:00;1.27989;1.28887;1.27941;1.28761;142801.47
27/08/2017 23:00:00;1.29246;1.29427;1.28734;1.29306;112100.97
28/08/2017 23:00:00;1.29309;1.29783;1.29146;1.29172;150540.58
29/08/2017 23:00:00;1.29171;1.29379;1.28785;1.29239;129930.21
30/08/2017 23:00:00;1.29232;1.29349;1.28526;1.29286;139620.47
31/08/2017 23:00:00;1.29286;1.29951;1.29051;1.29507;138095.55
03/09/2017 23:00:00;1.29602;1.29662;1.29125;1.29298;110760.75
04/09/2017 23:00:00;1.29298;1.30423;1.29088;1.30288;149203.49
05/09/2017 23:00:00;1.30288;1.30819;1.30183;1.30408;134997.63
06/09/2017 23:00:00;1.30408;1.31155;1.30325;1.31;158476.24
07/09/2017 23:00:00;1.30993;1.3224;1.30939;1.31915;156852.15
10/09/2017 23:00:00;1.31811;1.32222;1.31607;1.31616;133857.41
11/09/2017 23:00:00;1.31598;1.32981;1.31587;1.32823;142774.03
12/09/2017 23:00:00;1.32823;1.33289;1.31836;1.32073;139469.47
13/09/2017 23:00:00;1.32073;1.34053;1.31488;1.3395;167729.04
14/09/2017 23:00:00;1.3395;1.36165;1.33811;1.35937;179411.99
17/09/2017 23:00:00;1.35556;1.36183;1.34647;1.34935;158973.7
18/09/2017 23:00:00;1.34938;1.35514;1.34683;1.35064;157352.95
19/09/2017 23:00:00;1.35064;1.36574;1.34516;1.34934;246707.83
20/09/2017 23:00:00;1.34931;1.35863;1.34707;1.35748;219051.92
21/09/2017 23:00:00;1.35745;1.35959;1.34496;1.34934;238588.84
24/09/2017 23:00:00;1.34855;1.35706;1.3431;1.34646;166939.45
25/09/2017 23:00:00;1.34646;1.3514;1.34094;1.34587;156266.72
26/09/2017 23:00:00;1.34587;1.34612;1.33635;1.33844;163387.13
27/09/2017 23:00:00;1.33848;1.34553;1.33429;1.34395;163814.73
28/09/2017 23:00:00;1.34394;1.34428;1.33496;1.33953;151574.72
01/10/2017 23:00:00;1.33689;1.34021;1.32563;1.3275;149677.19
02/10/2017 23:00:00;1.3274;1.32876;1.32219;1.32375;142376.66
03/10/2017 23:00:00;1.32375;1.32915;1.3235;1.32479;153907.02
04/10/2017 23:00:00;1.32449;1.32498;1.31076;1.31179;143141.42
05/10/2017 23:00:00;1.3118;1.31211;1.3027;1.30645;150238.01
08/10/2017 23:00:00;1.30886;1.31836;1.30747;1.314;110674.85
09/10/2017 23:00:00;1.31414;1.32253;1.31305;1.32025;132027.99
10/10/2017 23:00:00;1.32026;1.32343;1.31752;1.32222;122496.16
11/10/2017 23:00:00;1.32218;1.32902;1.31213;1.32599;159141.81
12/10/2017 23:00:00;1.32596;1.33375;1.32467;1.32823;153536.3
15/10/2017 23:00:00;1.32858;1.33115;1.32252;1.32493;117832.18
16/10/2017 23:00:00;1.32501;1.32869;1.31545;1.31887;136629.46
17/10/2017 23:00:00;1.3188;1.32114;1.31399;1.32045;131357.51
18/10/2017 23:00:00;1.32042;1.32281;1.31288;1.31551;158085.61
19/10/2017 23:00:00;1.31563;1.32003;1.30876;1.31871;152497.35
22/10/2017 23:00:00;1.31817;1.32267;1.31576;1.31966;123163.86
23/10/2017 23:00:00;1.31963;1.32274;1.31132;1.31308;127492.6
24/10/2017 23:00:00;1.31285;1.32716;1.31099;1.32598;151423.73
25/10/2017 23:00:00;1.32598;1.3279;1.31466;1.31584;134837.45
26/10/2017 23:00:00;1.31598;1.31615;1.30697;1.31247;132439.04
29/10/2017 23:00:00;1.31087;1.32148;1.31087;1.32071;115072.69
30/10/2017 23:00:00;1.32073;1.32883;1.31914;1.32821;120841.56
31/10/2017 23:00:00;1.32808;1.33206;1.32403;1.32432;134202.7
01/11/2017 23:00:00;1.32432;1.32988;1.30425;1.30579;179900.7
02/11/2017 23:00:00;1.30573;1.31322;1.3039;1.30738;132511.47
06/11/2017 00:00:00;1.30678;1.31745;1.30583;1.31708;138419.8
07/11/2017 00:00:00;1.31709;1.31775;1.31088;1.31661;148668.81
08/11/2017 00:00:00;1.31622;1.31755;1.30861;1.3114;133688.66
09/11/2017 00:00:00;1.3114;1.31654;1.3085;1.31444;154719.26
10/11/2017 00:00:00;1.31444;1.32292;1.31121;1.31881;150335.23
13/11/2017 00:00:00;1.3162;1.31796;1.30619;1.31154;140059.56
14/11/2017 00:00:00;1.31138;1.31869;1.30747;1.31645;139358.3
15/11/2017 00:00:00;1.31643;1.32137;1.31301;1.31712;169558.54
16/11/2017 00:00:00;1.31695;1.32074;1.31351;1.31938;146751.05
17/11/2017 00:00:00;1.31937;1.32601;1.31694;1.32156;164876.4
20/11/2017 00:00:00;1.32175;1.32793;1.31854;1.32344;154485.35
21/11/2017 00:00:00;1.32329;1.32673;1.32086;1.3237;139393.45
22/11/2017 00:00:00;1.32377;1.33291;1.32133;1.33248;134305.69
23/11/2017 00:00:00;1.33248;1.33367;1.32841;1.33082;113383.23
24/11/2017 00:00:00;1.33061;1.336;1.32783;1.33346;131536.85
27/11/2017 00:00:00;1.33219;1.3383;1.33098;1.33178;138984.31
28/11/2017 00:00:00;1.33159;1.33871;1.32208;1.33387;182026.11
29/11/2017 00:00:00;1.33388;1.34479;1.33387;1.34095;176158.09
30/11/2017 00:00:00;1.34096;1.35486;1.3406;1.3524;193792.13
01/12/2017 00:00:00;1.3524;1.35491;1.34445;1.34746;205127.6
04/12/2017 00:00:00;1.34338;1.35383;1.34136;1.3479;189600.1
05/12/2017 00:00:00;1.3479;1.34814;1.33704;1.34422;167030.95
06/12/2017 00:00:00;1.34422;1.34437;1.33576;1.33903;168924.51
07/12/2017 00:00:00;1.33902;1.34846;1.33198;1.34739;169320.53
08/12/2017 00:00:00;1.34748;1.35202;1.33556;1.33789;172821.89
11/12/2017 00:00:00;1.33735;1.34313;1.33306;1.33382;151198.63
12/12/2017 00:00:00;1.3337;1.33799;1.33034;1.33168;156740.19
13/12/2017 00:00:00;1.33159;1.34299;1.33114;1.3419;180973.06
14/12/2017 00:00:00;1.3419;1.34658;1.33854;1.34303;202493.53
15/12/2017 00:00:00;1.34301;1.34474;1.33013;1.33269;192737.34
18/12/2017 00:00:00;1.33095;1.34182;1.33095;1.33814;162407.26
19/12/2017 00:00:00;1.33812;1.34021;1.33309;1.33843;190004.66
20/12/2017 00:00:00;1.33843;1.34199;1.33717;1.33752;164226.12
21/12/2017 00:00:00;1.33752;1.33872;1.33311;1.33846;157681.95
22/12/2017 00:00:00;1.33832;1.33971;1.3346;1.33541;159117.48
25/12/2017 00:00:00;1.33449;1.3394;1.33449;1.33899;2909.1
26/12/2017 00:00:00;1.33719;1.3389;1.33473;1.33733;134017.81
27/12/2017 00:00:00;1.33727;1.34295;1.33672;1.33965;146152.74
28/12/2017 00:00:00;1.33965;1.34563;1.33927;1.34382;141610.4
29/12/2017 00:00:00;1.34322;1.3544;1.34263;1.34944;160368.95
01/01/2018 00:00:00;1.34944;1.34944;1.34944;1.34944;0
02/01/2018 00:00:00;1.35065;1.36001;1.34945;1.35889;166177.43
03/01/2018 00:00:00;1.35873;1.36124;1.34948;1.35142;167509.35
04/01/2018 00:00:00;1.3514;1.35595;1.35052;1.35504;157158.67
05/01/2018 00:00:00;1.35499;1.35823;1.35231;1.3564;158713.49
08/01/2018 00:00:00;1.35556;1.35853;1.35229;1.35662;127218.15
09/01/2018 00:00:00;1.35657;1.35822;1.35063;1.35395;144335.41
10/01/2018 00:00:00;1.35395;1.35618;1.34816;1.3506;175583.52
11/01/2018 00:00:00;1.3506;1.35546;1.34579;1.35355;176757.9
12/01/2018 00:00:00;1.35354;1.3744;1.35335;1.37277;199780.36
15/01/2018 00:00:00;1.37279;1.38193;1.37253;1.37935;171136.31
16/01/2018 00:00:00;1.37935;1.38052;1.37417;1.3791;187994.53
17/01/2018 00:00:00;1.37902;1.3942;1.37566;1.38306;214308.25
18/01/2018 00:00:00;1.38306;1.3913;1.38044;1.38922;213483.8
19/01/2018 00:00:00;1.3892;1.39449;1.38383;1.38479;208895.97
22/01/2018 00:00:00;1.38879;1.39905;1.38569;1.39837;191144.34
23/01/2018 00:00:00;1.39829;1.40273;1.39158;1.39973;207246.49
24/01/2018 00:00:00;1.39973;1.42627;1.39952;1.42375;251250.77
25/01/2018 00:00:00;1.42375;1.43451;1.40827;1.41313;319949.96
26/01/2018 00:00:00;1.41337;1.42854;1.41071;1.41562;287583.36
29/01/2018 00:00:00;1.41347;1.41579;1.4025;1.40727;251143.63
30/01/2018 00:00:00;1.40729;1.41665;1.39798;1.41447;259251.69
31/01/2018 00:00:00;1.41434;1.42325;1.41216;1.41902;275460.32
01/02/2018 00:00:00;1.4189;1.42781;1.41594;1.42595;255744.83
02/02/2018 00:00:00;1.42594;1.42777;1.41013;1.41213;263953.7
05/02/2018 00:00:00;1.41001;1.41501;1.39541;1.39572;268983.05
06/02/2018 00:00:00;1.39559;1.39992;1.38363;1.3948;320959.71
07/02/2018 00:00:00;1.39479;1.39937;1.38482;1.38809;254148.44
08/02/2018 00:00:00;1.38809;1.40671;1.38454;1.39105;329363.75
09/02/2018 00:00:00;1.39104;1.39871;1.37642;1.38239;300226.78
12/02/2018 00:00:00;1.38081;1.38758;1.37958;1.38357;217602.69
13/02/2018 00:00:00;1.38366;1.39239;1.38323;1.38909;227075.75
14/02/2018 00:00:00;1.38909;1.40163;1.37996;1.39956;261883.9
15/02/2018 00:00:00;1.39952;1.41034;1.39948;1.40981;254407.81
16/02/2018 00:00:00;1.40981;1.41444;1.39964;1.40298;233316.17
19/02/2018 00:00:00;1.40108;1.40488;1.39584;1.39964;181844.8
20/02/2018 00:00:00;1.39958;1.40242;1.39311;1.39948;220826.89
21/02/2018 00:00:00;1.39958;1.40082;1.39042;1.39182;249529.91
22/02/2018 00:00:00;1.39182;1.39885;1.38565;1.39531;232848.24
23/02/2018 00:00:00;1.39526;1.40049;1.39044;1.39656;190427.42
26/02/2018 00:00:00;1.39844;1.40696;1.3928;1.39668;148233.29
27/02/2018 00:00:00;1.39668;1.39962;1.38574;1.3906;175488.3
28/02/2018 00:00:00;1.3906;1.39158;1.37564;1.3759;184598.83
01/03/2018 00:00:00;1.37591;1.37846;1.37115;1.37746;209689.04
02/03/2018 00:00:00;1.37745;1.38166;1.37554;1.3798;191391.41
05/03/2018 00:00:00;1.37886;1.38769;1.37664;1.38482;185323.59
06/03/2018 00:00:00;1.38478;1.39291;1.38163;1.38863;176971.75
07/03/2018 00:00:00;1.3886;1.39118;1.38459;1.3899;178933.31
08/03/2018 00:00:00;1.38932;1.39098;1.37807;1.38089;179392.82
09/03/2018 00:00:00;1.38089;1.38886;1.37878;1.38447;168512.44
11/03/2018 23:00:00;1.385;1.39174;1.3841;1.39052;127550.1
12/03/2018 23:00:00;1.39048;1.39938;1.38745;1.39602;151625.96
13/03/2018 23:00:00;1.39599;1.39955;1.39255;1.39605;147770.36
14/03/2018 23:00:00;1.39606;1.39884;1.39213;1.39357;183978.86
15/03/2018 23:00:00;1.39353;1.39807;1.38891;1.39432;134094.64
18/03/2018 23:00:00;1.39353;1.40881;1.39128;1.40226;170328.46
19/03/2018 23:00:00;1.40228;1.40664;1.39826;1.39968;143357.01
20/03/2018 23:00:00;1.39967;1.41504;1.39958;1.41393;174167.61
21/03/2018 23:00:00;1.41392;1.42175;1.40756;1.40948;184799.2
22/03/2018 23:00:00;1.40953;1.41717;1.40849;1.41305;161338.31
25/03/2018 23:00:00;1.41326;1.42442;1.41296;1.42273;124899.09
26/03/2018 23:00:00;1.42277;1.4244;1.40659;1.41556;145824.98
27/03/2018 23:00:00;1.4155;1.42001;1.40703;1.40762;149725.09
28/03/2018 23:00:00;1.4076;1.40959;1.40106;1.40174;142787.77
29/03/2018 23:00:00;1.40167;1.40594;1.40088;1.40088;104968.96
01/04/2018 23:00:00;1.40224;1.40775;1.40193;1.4043;99422.96
02/04/2018 23:00:00;1.40425;1.40883;1.40208;1.40557;133270.54
03/04/2018 23:00:00;1.40543;1.40962;1.40146;1.40782;142246.58
04/04/2018 23:00:00;1.40782;1.40968;1.39652;1.40015;148253.6
05/04/2018 23:00:00;1.40015;1.41055;1.39827;1.40814;144430.52
08/04/2018 23:00:00;1.40866;1.41644;1.40782;1.41294;123039.6
09/04/2018 23:00:00;1.41294;1.41878;1.41199;1.41742;128144.01
10/04/2018 23:00:00;1.41744;1.4223;1.41608;1.41746;120909.45
11/04/2018 23:00:00;1.41741;1.42464;1.41451;1.42268;128667.04
12/04/2018 23:00:00;1.42268;1.42961;1.42205;1.42372;104490.13
15/04/2018 23:00:00;1.42397;1.43438;1.42291;1.43369;98768.62
16/04/2018 23:00:00;1.43366;1.43763;1.42826;1.42862;123012.07
17/04/2018 23:00:00;1.4285;1.43142;1.41728;1.42;123259.06
18/04/2018 23:00:00;1.42;1.42454;1.40684;1.40833;139492.82
19/04/2018 23:00:00;1.40833;1.40906;1.39965;1.40002;131691.28
22/04/2018 23:00:00;1.3999;1.40307;1.39261;1.39391;114469.38
23/04/2018 23:00:00;1.39391;1.39869;1.39177;1.39767;110572.46
24/04/2018 23:00:00;1.39768;1.39965;1.39231;1.39291;102451.46
25/04/2018 23:00:00;1.39286;1.3998;1.38947;1.3915;135784.92
26/04/2018 23:00:00;1.39137;1.39342;1.3747;1.37785;129358.18
29/04/2018 23:00:00;1.37711;1.37922;1.37125;1.3755;112230.8
30/04/2018 23:00:00;1.37547;1.37725;1.3588;1.36124;124717.6
01/05/2018 23:00:00;1.36124;1.36656;1.35546;1.35718;168234.55
02/05/2018 23:00:00;1.35716;1.36293;1.35377;1.35729;166357.85
03/05/2018 23:00:00;1.35713;1.35856;1.34861;1.35253;131543.87
06/05/2018 23:00:00;1.35327;1.35751;1.35151;1.35558;109764.22
07/05/2018 23:00:00;1.3556;1.35926;1.34843;1.3546;152788.22
08/05/2018 23:00:00;1.35461;1.36068;1.3499;1.35447;140731.46
09/05/2018 23:00:00;1.35442;1.36174;1.34598;1.35169;180453.37
10/05/2018 23:00:00;1.35169;1.35957;1.35017;1.35407;126473
13/05/2018 23:00:00;1.35393;1.36079;1.35373;1.35559;103492.9
14/05/2018 23:00:00;1.35559;1.35718;1.34511;1.35;152573.27
15/05/2018 23:00:00;1.34997;1.35209;1.34554;1.34832;161455.94
16/05/2018 23:00:00;1.34825;1.35688;1.34741;1.35153;698717.2
17/05/2018 23:00:00;1.35153;1.3528;1.34548;1.34679;122610.69
20/05/2018 23:00:00;1.3459;1.34825;1.33907;1.34217;124029.08
21/05/2018 23:00:00;1.34217;1.34911;1.34123;1.34278;138290.67
22/05/2018 23:00:00;1.34278;1.34422;1.3305;1.33449;180245.55
23/05/2018 23:00:00;1.33446;1.34216;1.334;1.33769;181203.26
24/05/2018 23:00:00;1.33769;1.33873;1.32928;1.32946;159808.08
27/05/2018 23:00:00;1.33138;1.33408;1.32961;1.33092;128083.02
28/05/2018 23:00:00;1.33094;1.3325;1.32044;1.32416;188327.89
29/05/2018 23:00:00;1.32407;1.33069;1.32407;1.32844;172979.81
30/05/2018 23:00:00;1.32844;1.33478;1.32771;1.32957;181523.3
31/05/2018 23:00:00;1.32953;1.33617;1.32538;1.33449;156205.84
03/06/2018 23:00:00;1.3331;1.33985;1.32947;1.33122;112360.61
04/06/2018 23:00:00;1.33118;1.34086;1.33019;1.33851;144962.58
05/06/2018 23:00:00;1.33853;1.34429;1.33764;1.34113;137802.78
06/06/2018 23:00:00;1.34108;1.34722;1.33714;1.3421;156814.19
07/06/2018 23:00:00;1.34206;1.3439;1.33544;1.34081;135768.51
10/06/2018 23:00:00;1.34058;1.34413;1.33444;1.33729;107555.94
11/06/2018 23:00:00;1.33726;1.34243;1.33418;1.33703;143005.66
12/06/2018 23:00:00;1.33696;1.3389;1.33079;1.33737;137287.66
13/06/2018 23:00:00;1.33734;1.34463;1.3257;1.32604;172039.66
14/06/2018 23:00:00;1.32606;1.32978;1.3211;1.32763;154896.24
17/06/2018 23:00:00;1.32557;1.3279;1.32257;1.32437;126401.01
18/06/2018 23:00:00;1.32437;1.32726;1.31507;1.31726;165855.55
19/06/2018 23:00:00;1.31728;1.3217;1.31458;1.31691;151070.69
20/06/2018 23:00:00;1.31689;1.32698;1.31018;1.32343;207630.77
21/06/2018 23:00:00;1.32424;1.33146;1.32337;1.32593;166445.91
24/06/2018 23:00:00;1.3249;1.32904;1.32212;1.32764;156475.12
25/06/2018 23:00:00;1.32766;1.32918;1.31922;1.32184;182272.13
26/06/2018 23:00:00;1.32243;1.32336;1.31063;1.31128;224737.91
27/06/2018 23:00:00;1.31133;1.31203;1.30495;1.30761;208855.7
28/06/2018 23:00:00;1.30763;1.32136;1.30675;1.3204;202354.3
01/07/2018 23:00:00;1.31825;1.32082;1.3095;1.31421;164974.29
02/07/2018 23:00:00;1.31412;1.32064;1.31145;1.31893;176613.33
03/07/2018 23:00:00;1.31891;1.32495;1.31705;1.32251;137937.72
04/07/2018 23:00:00;1.32252;1.32748;1.32036;1.32209;181960.46
05/07/2018 23:00:00;1.32134;1.32898;1.32031;1.32844;147960.95
08/07/2018 23:00:00;1.33179;1.33625;1.31889;1.32556;187413.27
09/07/2018 23:00:00;1.32552;1.33008;1.3223;1.32709;159091.73
10/07/2018 23:00:00;1.32705;1.32852;1.31994;1.32032;191778.08
11/07/2018 23:00:00;1.32028;1.32448;1.31802;1.3205;157239.76
12/07/2018 23:00:00;1.32049;1.32383;1.31025;1.32323;160289.55
15/07/2018 23:00:00;1.32272;1.32928;1.32167;1.32352;139427.55
16/07/2018 23:00:00;1.3234;1.32687;1.30689;1.3114;175707.67
17/07/2018 23:00:00;1.31135;1.31169;1.301;1.30679;172361.07
18/07/2018 23:00:00;1.30674;1.30831;1.29574;1.30139;184643.59
19/07/2018 23:00:00;1.30125;1.31401;1.29948;1.31287;177632.18
22/07/2018 23:00:00;1.31229;1.3158;1.30821;1.30977;137416.6
23/07/2018 23:00:00;1.30973;1.31591;1.30714;1.31436;157922.44
24/07/2018 23:00:00;1.31435;1.32003;1.31328;1.31877;157213.39
25/07/2018 23:00:00;1.31877;1.32132;1.31052;1.31072;154714.92
26/07/2018 23:00:00;1.3107;1.3131;1.30822;1.30967;126008.16
29/07/2018 23:00:00;1.30989;1.31521;1.3097;1.31315;113492.1
30/07/2018 23:00:00;1.31314;1.31726;1.30894;1.3122;143985.63
31/07/2018 23:00:00;1.31208;1.3144;1.30951;1.31259;132292.4
01/08/2018 23:00:00;1.31258;1.31282;1.30142;1.30155;141379.97
02/08/2018 23:00:00;1.30155;1.30429;1.29753;1.30011;135485.5
05/08/2018 23:00:00;1.29948;1.30074;1.29198;1.29426;97414.64
06/08/2018 23:00:00;1.2943;1.29736;1.29237;1.29385;109433.3
07/08/2018 23:00:00;1.29385;1.29597;1.28535;1.28807;127278.98
08/08/2018 23:00:00;1.28807;1.29117;1.28188;1.2823;136275.58
09/08/2018 23:00:00;1.28203;1.28366;1.27228;1.27663;208623.31
12/08/2018 23:00:00;1.27421;1.27913;1.27299;1.27594;155197.76
13/08/2018 23:00:00;1.27593;1.28271;1.27046;1.27214;151104.94
14/08/2018 23:00:00;1.27198;1.27352;1.26617;1.26942;146628.62
15/08/2018 23:00:00;1.2694;1.27539;1.26858;1.27088;144392.12
16/08/2018 23:00:00;1.27091;1.27524;1.26978;1.27466;135359.57
19/08/2018 23:00:00;1.2742;1.27992;1.27293;1.27969;102553.1
20/08/2018 23:00:00;1.27956;1.29242;1.27922;1.28987;151413.62
21/08/2018 23:00:00;1.28856;1.29362;1.28685;1.29095;128620.11
22/08/2018 23:00:00;1.29095;1.29179;1.28045;1.28132;127485.87
23/08/2018 23:00:00;1.2806;1.2881;1.27992;1.28452;132841.66
26/08/2018 23:00:00;1.28365;1.29009;1.28287;1.28915;115512.52
27/08/2018 23:00:00;1.28915;1.29317;1.28615;1.28703;125001.82
28/08/2018 23:00:00;1.287;1.30322;1.28451;1.3025;160120.36
29/08/2018 23:00:00;1.30245;1.30433;1.29849;1.30062;143269.45
30/08/2018 23:00:00;1.30069;1.30287;1.29449;1.29528;142654.42
02/09/2018 23:00:00;1.29095;1.29336;1.28547;1.28676;126906.31
03/09/2018 23:00:00;1.28671;1.28757;1.281;1.2854;143938.01
04/09/2018 23:00:00;1.28529;1.29822;1.27851;1.29037;157648.58
05/09/2018 23:00:00;1.29031;1.29622;1.2896;1.29261;136863.46
06/09/2018 23:00:00;1.2926;1.30278;1.29081;1.29137;162733.4
09/09/2018 23:00:00;1.29179;1.30514;1.28967;1.30253;125994.99
10/09/2018 23:00:00;1.30253;1.30869;1.29641;1.30299;141086.99
11/09/2018 23:00:00;1.30299;1.30821;1.29791;1.30446;143666.55
12/09/2018 23:00:00;1.30446;1.31233;1.30261;1.3106;141780.42
13/09/2018 23:00:00;1.31057;1.31435;1.30565;1.30664;140089.08
16/09/2018 23:00:00;1.30683;1.31646;1.30672;1.31564;133522.42
17/09/2018 23:00:00;1.31566;1.31725;1.31185;1.31475;149008.59
18/09/2018 23:00:00;1.31475;1.32146;1.30974;1.31427;164822.73
19/09/2018 23:00:00;1.31425;1.3298;1.31303;1.32589;165942.59
20/09/2018 23:00:00;1.32588;1.32765;1.30558;1.30764;175118.86
23/09/2018 23:00:00;1.30775;1.31667;1.30628;1.31192;129936.49
24/09/2018 23:00:00;1.31192;1.31933;1.30947;1.31786;138382.99
25/09/2018 23:00:00;1.31785;1.32171;1.31381;1.31639;148748.76
26/09/2018 23:00:00;1.31637;1.31779;1.30733;1.30733;147624.12
27/09/2018 23:00:00;1.30729;1.30899;1.30002;1.30278;127986.93
30/09/2018 23:00:00;1.30371;1.31153;1.30119;1.30419;135165.1
01/10/2018 23:00:00;1.30418;1.30482;1.29409;1.29777;153540.51
02/10/2018 23:00:00;1.29778;1.30226;1.29237;1.29362;178153.74
03/10/2018 23:00:00;1.29356;1.30411;1.2922;1.30208;171723.3
04/10/2018 23:00:00;1.30199;1.31226;1.30032;1.31136;158107.71
07/10/2018 23:00:00;1.3123;1.31326;1.30279;1.30859;145586.97
08/10/2018 23:00:00;1.30857;1.315;1.30328;1.31425;173731.19
09/10/2018 23:00:00;1.31412;1.32158;1.31332;1.3188;160079.58
10/10/2018 23:00:00;1.3188;1.32468;1.31741;1.32311;220068.07
11/10/2018 23:00:00;1.32311;1.32575;1.31458;1.31516;185599.61
14/10/2018 23:00:00;1.30854;1.31815;1.30811;1.31514;164563.67
15/10/2018 23:00:00;1.31514;1.32362;1.3135;1.31767;152429.24
16/10/2018 23:00:00;1.31768;1.31923;1.30993;1.31128;147895.71
17/10/2018 23:00:00;1.31115;1.31311;1.30158;1.30168;151616.53
18/10/2018 23:00:00;1.30168;1.31037;1.30109;1.30666;144538
21/10/2018 23:00:00;1.30703;1.30899;1.29562;1.29564;143043.48
22/10/2018 23:00:00;1.29563;1.30439;1.29368;1.29819;166182.35
23/10/2018 23:00:00;1.29819;1.29904;1.28668;1.28792;169822.57
24/10/2018 23:00:00;1.28798;1.29192;1.27968;1.28162;166384.35
25/10/2018 23:00:00;1.28162;1.28411;1.27772;1.2826;192441.5
28/10/2018 23:00:00;1.28212;1.28528;1.27918;1.27919;140135.19
29/10/2018 23:00:00;1.27916;1.28123;1.26956;1.27066;143717.58
30/10/2018 23:00:00;1.27066;1.28303;1.26905;1.27644;145521.81
31/10/2018 23:00:00;1.27648;1.30349;1.27629;1.30009;171144.13
01/11/2018 23:00:00;1.30003;1.30406;1.29513;1.29617;157950.23
05/11/2018 00:00:00;1.3021;1.30553;1.29641;1.30398;135208.62
06/11/2018 00:00:00;1.30395;1.3107;1.30208;1.3095;142004.85
07/11/2018 00:00:00;1.30951;1.31744;1.30731;1.31219;189711.84
08/11/2018 00:00:00;1.3123;1.31496;1.30447;1.30607;161200.76
09/11/2018 00:00:00;1.30607;1.30701;1.2958;1.29729;153090.94
12/11/2018 00:00:00;1.2913;1.29465;1.28271;1.28476;172565.24
13/11/2018 00:00:00;1.28463;1.30469;1.2835;1.29675;196240.65
14/11/2018 00:00:00;1.29729;1.30718;1.28798;1.29861;219461.01
15/11/2018 00:00:00;1.29853;1.30298;1.27232;1.27688;239721.2
16/11/2018 00:00:00;1.27691;1.28773;1.27594;1.28261;190546.77
19/11/2018 00:00:00;1.28443;1.28835;1.27939;1.28496;156255.31
20/11/2018 00:00:00;1.28554;1.28826;1.2776;1.27862;167058.86
21/11/2018 00:00:00;1.2786;1.28193;1.27638;1.27743;145710.85
22/11/2018 00:00:00;1.27744;1.2927;1.27674;1.28752;127204.43
23/11/2018 00:00:00;1.2875;1.28821;1.27981;1.28006;133354.29
26/11/2018 00:00:00;1.28215;1.28637;1.27955;1.28068;138956.27
27/11/2018 00:00:00;1.28045;1.28194;1.27249;1.2742;190879.29
28/11/2018 00:00:00;1.27409;1.28467;1.27306;1.28232;171515.68
29/11/2018 00:00:00;1.28231;1.28494;1.27551;1.2785;167466.14
30/11/2018 00:00:00;1.2785;1.28092;1.2735;1.27509;165267.86
03/12/2018 00:00:00;1.27644;1.28242;1.26985;1.27232;151696.59
04/12/2018 00:00:00;1.27233;1.28394;1.26582;1.27149;181394.71
05/12/2018 00:00:00;1.2716;1.2798;1.26717;1.27319;154736.07
06/12/2018 00:00:00;1.27318;1.28118;1.26992;1.27817;191000.46
07/12/2018 00:00:00;1.27816;1.279;1.271;1.27296;153056.65
10/12/2018 00:00:00;1.27048;1.27598;1.25065;1.25595;185974.92
11/12/2018 00:00:00;1.25568;1.26382;1.24796;1.24837;180515.2
12/12/2018 00:00:00;1.24823;1.26712;1.24766;1.26288;200335.71
13/12/2018 00:00:00;1.26288;1.26861;1.26072;1.26509;149443.62
14/12/2018 00:00:00;1.26504;1.26648;1.2529;1.25813;163445.41
17/12/2018 00:00:00;1.26008;1.2647;1.25629;1.26199;172146.02
18/12/2018 00:00:00;1.26144;1.27053;1.26099;1.26374;169105.16
19/12/2018 00:00:00;1.26332;1.26787;1.26064;1.26097;247145.52
20/12/2018 00:00:00;1.26097;1.27073;1.26072;1.26541;308944.93
21/12/2018 00:00:00;1.26541;1.26977;1.26173;1.26247;307977.09
24/12/2018 00:00:00;1.26452;1.27382;1.26344;1.27005;227056.17
25/12/2018 00:00:00;1.26947;1.27077;1.26465;1.26544;4235.38
26/12/2018 00:00:00;1.26749;1.27186;1.26304;1.26317;133074.97
27/12/2018 00:00:00;1.26314;1.26745;1.26157;1.26416;330736.53
28/12/2018 00:00:00;1.26414;1.2708;1.26348;1.26943;193089.58
31/12/2018 00:00:00;1.26918;1.28145;1.26799;1.27526;169241.45
01/01/2019 00:00:00;1.27526;1.27526;1.27526;1.27526;0
02/01/2019 00:00:00;1.27459;1.27729;1.25808;1.2606;237090.47
03/01/2019 00:00:00;1.2606;1.26472;1.2425;1.26278;268812.26
04/01/2019 00:00:00;1.26268;1.27443;1.26157;1.2717;259746.42
07/01/2019 00:00:00;1.27187;1.27867;1.27113;1.2775;188860.15
08/01/2019 00:00:00;1.2773;1.2797;1.27066;1.27133;204120.94
09/01/2019 00:00:00;1.27122;1.28033;1.27068;1.27882;276438.72
10/01/2019 00:00:00;1.27889;1.28008;1.27278;1.27418;240096.3
11/01/2019 00:00:00;1.27418;1.28655;1.27096;1.28347;244640.27
14/01/2019 00:00:00;1.28516;1.29304;1.28187;1.28582;233982.91
15/01/2019 00:00:00;1.28582;1.29156;1.26688;1.28589;272179.69
16/01/2019 00:00:00;1.28574;1.28971;1.28247;1.28774;225034.25
17/01/2019 00:00:00;1.28774;1.30006;1.28319;1.29844;221506.49
18/01/2019 00:00:00;1.29844;1.29931;1.28567;1.28696;204844.03
21/01/2019 00:00:00;1.28724;1.29105;1.28301;1.28906;164447.19
22/01/2019 00:00:00;1.28905;1.29751;1.28549;1.29539;212225.83
23/01/2019 00:00:00;1.29538;1.30807;1.2942;1.30673;231645.47
24/01/2019 00:00:00;1.30672;1.30938;1.3012;1.3062;228527.99
25/01/2019 00:00:00;1.30619;1.32172;1.3059;1.31984;271113.71
28/01/2019 00:00:00;1.31837;1.32109;1.31367;1.31534;202563.06
29/01/2019 00:00:00;1.31538;1.31995;1.30559;1.30661;278838.39
30/01/2019 00:00:00;1.30662;1.31451;1.30539;1.31155;249539.5
31/01/2019 00:00:00;1.31155;1.31599;1.30972;1.31062;231094.73
01/02/2019 00:00:00;1.31062;1.31147;1.3043;1.30739;217059.85
04/02/2019 00:00:00;1.30618;1.31034;1.30286;1.30338;218299.49
05/02/2019 00:00:00;1.30338;1.30516;1.29245;1.29487;193317.63
06/02/2019 00:00:00;1.29487;1.29791;1.2925;1.29285;197139.85
07/02/2019 00:00:00;1.29285;1.29961;1.2854;1.29518;214117.84
08/02/2019 00:00:00;1.29518;1.29759;1.29211;1.29441;175620.47
